swb,gender,age,country
5,2,42,Brazil
5,1,45,Brazil
3,1,60,Brazil
0,1,38,Brazil
8,1,45,Brazil
5,2,55,Brazil
10,2,37,Brazil
9,1,81,Brazil
6,2,68,Brazil
4,2,54,Brazil
7,2,32,Brazil
3,1,42,Brazil
5,1,23,Brazil
7,2,18,Brazil
6,1,19,Brazil
7,2,43,Brazil
5,1,18,Brazil
7,2,50,Brazil
5,2,41,Brazil
7,1,29,Brazil
7,1,52,Brazil
10,2,28,Brazil
5,1,32,Brazil
6,2,39,Brazil
10,1,50,Brazil
9,1,53,Brazil
10,2,29,Brazil
1,1,68,Brazil
8,2,49,Brazil
7,1,53,Brazil
2,1,53,Brazil
3,1,31,Brazil
2,2,56,Brazil
8,2,36,Brazil
10,1,55,Brazil
5,2,26,Brazil
7,2,44,Brazil
10,2,76,Brazil
9,1,18,Brazil
10,2,67,Brazil
4,2,23,Brazil
6,1,51,Brazil
8,1,57,Brazil
7,2,21,Brazil
10,2,37,Brazil
5,1,25,Brazil
6,2,56,Brazil
3,2,68,Brazil
7,2,49,Brazil
6,1,26,Brazil
5,1,35,Brazil
3,2,24,Brazil
8,1,40,Brazil
7,1,21,Brazil
5,1,41,Brazil
10,1,20,Brazil
0,2,22,Brazil
3,1,38,Brazil
10,2,83,Brazil
5,2,30,Brazil
5,2,65,Brazil
10,2,46,Brazil
8,1,35,Brazil
6,2,20,Brazil
5,2,26,Brazil
5,1,45,Brazil
10,2,44,Brazil
6,2,25,Brazil
8,2,59,Brazil
3,2,21,Brazil
5,1,45,Brazil
10,2,22,Brazil
5,1,30,Brazil
3,2,27,Brazil
8,2,56,Brazil
10,2,43,Brazil
5,1,65,Brazil
10,2,36,Brazil
6,1,20,Brazil
7,2,29,Brazil
2,2,52,Brazil
6,2,24,Brazil
4,1,64,Brazil
7,1,32,Brazil
10,2,55,Brazil
8,1,23,Brazil
8,2,26,Brazil
0,1,30,Brazil
8,2,48,Brazil
6,1,24,Brazil
6,1,25,Brazil
4,2,22,Brazil
10,2,48,Brazil
9,2,22,Brazil
6,2,57,Brazil
3,1,59,Brazil
5,2,46,Brazil
5,1,19,Brazil
10,2,60,Brazil
10,1,59,Brazil
5,2,62,Brazil
6,1,45,Brazil
6,2,62,Brazil
6,1,20,Brazil
8,1,23,Brazil
6,2,60,Brazil
7,2,60,Brazil
2,2,69,Brazil
6,2,23,Brazil
10,2,45,Brazil
5,2,71,Brazil
5,1,76,Brazil
6,2,25,Brazil
6,2,54,Brazil
8,2,65,Brazil
0,1,50,Brazil
4,2,42,Brazil
5,2,20,Brazil
9,2,66,Brazil
10,2,55,Brazil
3,1,43,Brazil
8,2,24,Brazil
10,2,35,Brazil
8,2,71,Brazil
6,2,52,Brazil
10,2,65,Brazil
6,2,40,Brazil
3,2,52,Brazil
7,1,20,Brazil
8,1,56,Brazil
8,2,33,Brazil
7,1,33,Brazil
6,2,22,Brazil
6,1,18,Brazil
6,1,21,Brazil
3,2,31,Brazil
7,2,34,Brazil
6,2,36,Brazil
5,2,45,Brazil
5,1,29,Brazil
5,2,43,Brazil
4,2,25,Brazil
0,2,24,Brazil
6,2,45,Brazil
7,1,23,Brazil
5,2,55,Brazil
6,1,64,Brazil
1,2,47,Brazil
7,2,47,Brazil
5,1,29,Brazil
10,1,29,Brazil
5,1,21,Brazil
6,2,28,Brazil
8,2,23,Brazil
3,1,20,Brazil
4,2,48,Brazil
7,2,45,Brazil
3,2,50,Brazil
5,2,37,Brazil
5,2,73,Brazil
10,1,38,Brazil
3,2,38,Brazil
5,1,20,Brazil
9,2,27,Brazil
4,1,35,Brazil
6,1,58,Brazil
8,2,30,Brazil
2,1,62,Brazil
6,2,51,Brazil
8,2,65,Brazil
10,2,23,Brazil
3,1,29,Brazil
5,2,37,Brazil
2,2,33,Brazil
3,2,26,Brazil
0,2,28,Brazil
8,2,36,Brazil
8,2,39,Brazil
8,2,57,Brazil
5,2,44,Brazil
5,1,44,Brazil
5,2,25,Brazil
6,2,23,Brazil
3,1,59,Brazil
5,1,24,Brazil
4,1,28,Brazil
8,2,43,Brazil
6,2,49,Brazil
5,2,27,Brazil
10,1,78,Brazil
3,2,25,Brazil
8,2,21,Brazil
10,2,33,Brazil
4,1,63,Brazil
5,2,65,Brazil
5,2,24,Brazil
4,1,22,Brazil
5,2,55,Brazil
8,2,18,Brazil
8,1,73,Brazil
8,2,51,Brazil
6,1,44,Brazil
7,1,38,Brazil
6,1,26,Brazil
7,2,21,Brazil
5,1,51,Brazil
3,1,43,Brazil
5,1,18,Brazil
9,2,44,Brazil
7,1,33,Brazil
0,1,23,Brazil
6,1,19,Brazil
5,2,39,Brazil
8,2,58,Brazil
1,1,78,Brazil
6,2,23,Brazil
8,2,38,Brazil
3,1,28,Brazil
10,1,28,Brazil
4,1,74,Brazil
9,2,39,Brazil
7,2,30,Brazil
10,2,42,Brazil
7,2,24,Brazil
8,1,64,Brazil
6,1,64,Brazil
6,2,35,Brazil
5,1,18,Brazil
8,2,53,Brazil
5,1,40,Brazil
10,2,19,Brazil
8,2,29,Brazil
5,1,28,Brazil
10,2,44,Brazil
5,1,18,Brazil
5,2,30,Brazil
7,2,32,Brazil
8,2,39,Brazil
5,1,73,Brazil
6,2,22,Brazil
9,1,19,Brazil
2,2,35,Brazil
10,2,29,Brazil
5,2,51,Brazil
3,1,49,Brazil
6,2,78,Brazil
7,1,29,Brazil
9,2,24,Brazil
4,1,19,Brazil
3,2,27,Brazil
5,2,35,Brazil
5,2,33,Brazil
6,2,59,Brazil
10,2,24,Brazil
3,2,34,Brazil
7,2,49,Brazil
6,2,65,Brazil
5,1,44,Brazil
8,2,22,Brazil
8,2,30,Brazil
2,2,49,Brazil
10,2,19,Brazil
7,2,58,Brazil
7,1,32,Brazil
8,1,84,Brazil
10,2,22,Brazil
8,1,53,Brazil
1,1,27,Brazil
4,2,58,Brazil
10,2,25,Brazil
7,1,31,Brazil
10,2,27,Brazil
7,2,48,Brazil
5,1,34,Brazil
8,2,33,Brazil
5,1,24,Brazil
7,1,26,Brazil
7,1,20,Brazil
6,2,19,Brazil
5,1,28,Brazil
10,2,38,Brazil
8,1,24,Brazil
8,2,51,Brazil
8,2,41,Brazil
8,1,57,Brazil
5,1,25,Brazil
6,1,19,Brazil
10,1,43,Brazil
8,1,28,Brazil
7,1,65,Brazil
8,1,40,Brazil
3,1,39,Brazil
6,2,21,Brazil
9,1,31,Brazil
8,2,57,Brazil
2,2,42,Brazil
2,2,51,Brazil
5,2,62,Brazil
8,2,70,Brazil
3,1,41,Brazil
8,1,35,Brazil
10,1,56,Brazil
6,2,21,Brazil
5,2,26,Brazil
5,2,73,Brazil
4,1,27,Brazil
6,1,52,Brazil
6,2,56,Brazil
6,2,36,Brazil
8,1,20,Brazil
6,1,32,Brazil
5,2,30,Brazil
8,2,61,Brazil
10,1,38,Brazil
10,1,71,Brazil
3,2,76,Brazil
6,1,24,Brazil
8,2,23,Brazil
10,2,67,Brazil
3,2,25,Brazil
7,1,52,Brazil
5,2,49,Brazil
7,1,50,Brazil
8,2,22,Brazil
6,2,20,Brazil
6,1,46,Brazil
5,2,71,Brazil
5,1,57,Brazil
5,1,38,Brazil
5,2,40,Brazil
5,2,57,Brazil
3,1,49,Brazil
6,2,40,Brazil
7,1,43,Brazil
8,1,59,Brazil
5,2,40,Brazil
5,1,21,Brazil
5,2,41,Brazil
8,2,26,Brazil
5,2,68,Brazil
5,1,19,Brazil
9,2,44,Brazil
5,1,43,Brazil
9,2,22,Brazil
5,2,46,Brazil
7,1,26,Brazil
9,2,30,Brazil
6,2,48,Brazil
3,2,38,Brazil
7,2,34,Brazil
3,1,29,Brazil
5,1,29,Brazil
7,2,43,Brazil
7,2,64,Brazil
8,2,70,Brazil
8,1,56,Brazil
8,2,39,Brazil
10,1,39,Brazil
5,2,29,Brazil
8,1,33,Brazil
6,1,38,Brazil
6,2,33,Brazil
2,2,37,Brazil
6,1,22,Brazil
5,2,35,Brazil
6,1,31,Brazil
5,2,36,Brazil
0,2,70,Brazil
2,2,52,Brazil
7,2,36,Brazil
0,2,51,Brazil
6,1,18,Brazil
6,1,27,Brazil
7,2,40,Brazil
0,2,80,Brazil
7,1,36,Brazil
5,2,55,Brazil
8,1,34,Brazil
4,2,20,Brazil
8,2,50,Brazil
7,2,51,Brazil
5,1,37,Brazil
0,2,65,Brazil
2,2,80,Brazil
4,1,18,Brazil
8,2,35,Brazil
6,2,36,Brazil
7,1,21,Brazil
9,2,31,Brazil
8,2,27,Brazil
6,1,27,Brazil
6,2,79,Brazil
1,2,71,Brazil
5,1,21,Brazil
5,1,33,Brazil
6,2,71,Brazil
6,2,34,Brazil
5,1,62,Brazil
9,2,48,Brazil
10,1,27,Brazil
9,2,76,Brazil
4,2,62,Brazil
8,2,77,Brazil
7,1,44,Brazil
3,1,54,Brazil
7,1,30,Brazil
2,1,50,Brazil
5,2,58,Brazil
8,1,49,Brazil
9,1,48,Brazil
6,1,19,Brazil
6,1,31,Brazil
8,1,41,Brazil
5,2,29,Brazil
6,2,64,Brazil
7,1,21,Brazil
5,2,30,Brazil
4,1,29,Brazil
8,2,74,Brazil
10,2,65,Brazil
10,2,60,Brazil
4,2,39,Brazil
8,1,42,Brazil
5,2,38,Brazil
0,1,52,Brazil
5,2,77,Brazil
7,1,42,Brazil
5,2,49,Brazil
8,2,39,Brazil
8,2,33,Brazil
5,2,20,Brazil
10,1,46,Brazil
5,1,29,Brazil
5,1,44,Brazil
7,2,29,Brazil
5,2,40,Brazil
5,1,36,Brazil
5,2,42,Brazil
5,1,60,Brazil
5,2,60,Brazil
10,2,65,Brazil
2,2,61,Brazil
7,2,30,Brazil
5,1,73,Brazil
7,2,55,Brazil
5,2,76,Brazil
5,1,27,Brazil
8,2,52,Brazil
5,1,18,Brazil
9,2,54,Brazil
10,1,44,Brazil
6,2,35,Brazil
7,2,69,Brazil
6,2,81,Brazil
4,1,50,Brazil
10,1,56,Brazil
5,2,45,Brazil
5,1,20,Brazil
2,2,46,Brazil
7,1,23,Brazil
7,2,49,Brazil
7,1,46,Brazil
3,2,22,Brazil
5,2,42,Brazil
5,1,78,Brazil
8,2,30,Brazil
10,1,18,Brazil
4,2,70,Brazil
10,1,19,Brazil
10,2,40,Brazil
7,2,47,Brazil
6,2,46,Brazil
4,2,28,Brazil
9,2,37,Brazil
4,1,28,Brazil
5,2,73,Brazil
7,2,23,Brazil
9,2,32,Brazil
6,2,26,Brazil
7,1,18,Brazil
3,1,35,Brazil
4,1,25,Brazil
2,2,30,Brazil
9,1,27,Brazil
3,2,53,Brazil
6,2,42,Brazil
7,1,32,Brazil
8,1,44,Brazil
7,2,39,Brazil
3,2,40,Brazil
10,2,67,Brazil
5,2,19,Brazil
3,1,19,Brazil
5,2,40,Brazil
5,2,26,Brazil
5,1,30,Brazil
5,2,20,Brazil
4,1,27,Brazil
0,2,44,Brazil
9,2,30,Brazil
5,2,33,Brazil
6,2,33,Brazil
5,1,63,Brazil
10,2,20,Brazil
4,1,23,Brazil
5,1,35,Brazil
9,1,18,Brazil
8,2,18,Brazil
7,2,32,Brazil
5,2,25,Brazil
3,1,30,Brazil
5,2,22,Brazil
8,2,53,Brazil
6,1,31,Brazil
10,1,27,Brazil
3,2,44,Brazil
7,2,51,Brazil
5,2,50,Brazil
8,2,18,Brazil
3,2,38,Brazil
7,1,36,Brazil
8,1,62,Brazil
5,1,24,Brazil
4,1,66,Brazil
8,1,72,Brazil
6,2,48,Brazil
10,2,46,Brazil
4,1,31,Brazil
3,2,49,Brazil
8,2,30,Brazil
7,1,28,Brazil
7,1,37,Brazil
4,1,49,Brazil
9,2,26,Brazil
4,2,24,Brazil
7,2,72,Brazil
4,1,18,Brazil
7,2,67,Brazil
7,2,28,Brazil
4,2,18,Brazil
5,1,25,Brazil
10,2,52,Brazil
6,2,50,Brazil
6,2,70,Brazil
10,1,41,Brazil
5,2,44,Brazil
5,2,67,Brazil
4,2,36,Brazil
7,2,42,Brazil
4,2,32,Brazil
0,2,22,Brazil
10,2,34,Brazil
10,2,54,Brazil
7,2,71,Brazil
6,2,48,Brazil
8,2,25,Brazil
5,2,57,Brazil
7,1,64,Brazil
10,1,18,Brazil
4,1,52,Brazil
5,2,75,Brazil
2,2,71,Brazil
10,2,31,Brazil
8,2,68,Brazil
6,2,28,Brazil
5,2,35,Brazil
7,2,29,Brazil
9,1,27,Brazil
8,1,18,Brazil
5,1,37,Brazil
7,1,38,Brazil
4,1,35,Brazil
8,1,47,Brazil
4,1,20,Brazil
10,1,64,Brazil
6,1,53,Brazil
7,2,32,Brazil
5,1,27,Brazil
5,1,36,Brazil
8,2,44,Brazil
10,2,21,Brazil
6,2,23,Brazil
7,2,24,Brazil
3,2,48,Brazil
6,1,46,Brazil
10,2,40,Brazil
5,1,34,Brazil
7,2,25,Brazil
4,2,22,Brazil
7,2,33,Brazil
5,2,38,Brazil
3,2,57,Brazil
10,2,74,Brazil
6,1,49,Brazil
8,1,52,Brazil
8,2,61,Brazil
5,2,18,Brazil
5,2,31,Brazil
8,1,45,Brazil
5,2,27,Brazil
5,2,18,Brazil
8,2,49,Brazil
10,2,39,Brazil
7,2,39,Brazil
8,1,35,Brazil
3,2,56,Brazil
6,2,33,Brazil
7,1,76,Brazil
4,2,32,Brazil
7,2,18,Brazil
6,1,62,Brazil
5,1,18,Brazil
7,1,26,Brazil
6,1,58,Brazil
5,1,44,Brazil
5,2,36,Brazil
4,2,38,Brazil
6,2,54,Brazil
5,2,25,Brazil
5,1,26,Brazil
6,2,22,Brazil
7,2,27,Brazil
5,2,21,Brazil
6,1,20,Brazil
8,1,21,Brazil
6,1,23,Brazil
2,1,44,Brazil
5,2,39,Brazil
7,1,62,Brazil
10,1,72,Brazil
10,1,35,Brazil
5,2,68,Brazil
8,2,66,Brazil
3,2,72,Brazil
5,1,68,Brazil
4,1,31,Brazil
2,2,49,Brazil
8,1,34,Brazil
7,2,61,Brazil
6,2,35,Brazil
4,2,36,Brazil
10,2,38,Brazil
6,2,37,Brazil
6,1,54,Brazil
5,2,67,Brazil
5,2,24,Brazil
7,2,75,Brazil
6,2,34,Brazil
7,2,18,Brazil
6,1,18,Brazil
8,1,18,Brazil
10,1,19,Brazil
7,2,25,Brazil
3,1,40,Brazil
7,1,36,Brazil
6,1,36,Brazil
6,1,29,Brazil
0,2,33,Brazil
7,2,36,Brazil
7,1,65,Brazil
6,2,23,Brazil
5,2,26,Brazil
4,2,40,Brazil
4,2,24,Brazil
3,1,74,Brazil
8,2,73,Brazil
7,1,34,Brazil
8,1,72,Brazil
9,2,75,Brazil
7,1,32,Brazil
9,2,22,Brazil
6,2,41,Brazil
5,2,45,Brazil
10,2,38,Brazil
5,1,38,Brazil
7,2,23,Brazil
4,2,20,Brazil
7,2,31,Brazil
5,2,31,Brazil
8,1,49,Brazil
5,2,34,Brazil
8,1,21,Brazil
10,1,47,Brazil
8,2,42,Brazil
5,1,65,Brazil
7,2,20,Brazil
7,1,31,Brazil
8,1,63,Brazil
8,2,26,Brazil
10,2,24,Brazil
5,1,18,Brazil
10,1,21,Brazil
5,1,70,Brazil
6,1,22,Brazil
8,1,20,Brazil
10,2,64,Brazil
9,1,51,Brazil
1,1,55,Brazil
8,1,66,Brazil
5,1,68,Brazil
10,1,54,Brazil
4,1,38,Brazil
5,2,57,Brazil
5,1,43,Brazil
6,1,37,Brazil
9,2,45,Brazil
10,2,23,Brazil
8,1,43,Brazil
6,2,42,Brazil
5,2,21,Brazil
6,1,62,Brazil
5,1,44,Brazil
7,2,28,Brazil
7,2,26,Brazil
1,2,23,Brazil
5,2,19,Brazil
10,2,33,Brazil
6,2,41,Brazil
4,1,35,Brazil
3,1,21,Brazil
0,1,29,Brazil
4,2,27,Brazil
4,1,39,Brazil
4,2,21,Brazil
6,1,25,Brazil
2,1,26,Brazil
10,2,26,Brazil
8,2,22,Brazil
9,2,25,Brazil
10,2,36,Brazil
10,1,19,Brazil
5,1,47,Brazil
7,1,47,Brazil
4,2,32,Brazil
6,1,29,Brazil
0,2,25,Brazil
5,2,22,Brazil
5,2,18,Brazil
5,1,67,Brazil
1,1,26,Brazil
5,2,27,Brazil
10,2,38,Brazil
8,2,22,Brazil
6,2,63,Brazil
4,2,29,Brazil
3,2,33,Brazil
5,1,42,Brazil
6,2,34,Brazil
1,2,21,Brazil
10,2,28,Brazil
10,2,34,Brazil
9,1,18,Brazil
7,1,18,Brazil
10,2,33,Brazil
6,1,21,Brazil
10,1,63,Brazil
2,2,27,Brazil
3,1,18,Brazil
10,2,47,Brazil
8,2,21,Brazil
5,2,26,Brazil
5,1,27,Brazil
9,1,26,Brazil
9,2,21,Brazil
6,2,27,Brazil
4,1,24,Brazil
8,2,32,Brazil
5,1,63,Brazil
5,1,19,Brazil
5,2,47,Brazil
7,2,26,Brazil
7,2,33,Brazil
8,2,18,Brazil
7,2,83,Brazil
6,1,44,Brazil
5,1,27,Brazil
7,1,30,Brazil
8,1,37,Brazil
5,2,67,Brazil
3,2,34,Brazil
6,2,50,Brazil
7,2,25,Brazil
5,2,41,Brazil
4,1,42,Brazil
6,1,22,Brazil
5,1,28,Brazil
5,1,19,Brazil
6,2,66,Brazil
7,1,25,Brazil
7,2,29,Brazil
6,2,27,Brazil
8,1,43,Brazil
5,2,30,Brazil
8,2,72,Brazil
2,2,18,Brazil
2,2,63,Brazil
3,2,25,Brazil
5,2,18,Brazil
6,2,45,Brazil
6,2,21,Brazil
6,1,29,Brazil
1,2,39,Brazil
6,1,23,Brazil
10,2,18,Brazil
4,1,28,Brazil
8,1,27,Brazil
5,1,20,Brazil
4,1,41,Brazil
5,2,47,Brazil
7,1,35,Brazil
7,2,28,Brazil
7,1,52,Brazil
4,2,22,Brazil
8,1,23,Brazil
3,2,39,Brazil
3,1,50,Brazil
8,2,24,Brazil
6,2,55,Brazil
10,2,50,Brazil
3,2,49,Brazil
7,1,21,Brazil
6,1,32,Brazil
8,1,22,Brazil
5,1,36,Brazil
1,2,41,Brazil
7,1,53,Brazil
8,2,72,Brazil
5,2,53,Brazil
8,1,27,Brazil
2,2,51,Brazil
2,1,47,Brazil
1,2,71,Brazil
7,1,63,Brazil
5,2,31,Brazil
3,2,45,Brazil
1,2,21,Brazil
8,1,66,Brazil
7,1,63,Brazil
6,1,37,Brazil
8,2,21,Brazil
10,1,63,Brazil
5,1,31,Brazil
5,2,39,Brazil
10,2,44,Brazil
6,2,28,Brazil
8,1,48,Brazil
8,1,31,Brazil
6,2,65,Brazil
9,1,41,Brazil
6,2,65,Brazil
10,1,57,Brazil
7,1,21,Brazil
5,1,34,Brazil
5,2,43,Brazil
8,2,29,Brazil
7,2,75,Brazil
2,1,34,Brazil
10,1,27,Brazil
6,1,19,Brazil
5,1,23,Brazil
7,1,45,Brazil
4,1,34,Brazil
5,2,31,Brazil
1,2,34,Brazil
2,2,54,Brazil
1,2,59,Brazil
4,1,57,Brazil
10,2,34,Brazil
6,2,55,Brazil
5,2,47,Brazil
6,2,29,Brazil
10,1,81,Brazil
6,1,47,Brazil
8,1,23,Brazil
8,1,40,Brazil
8,2,27,Brazil
7,1,32,Brazil
6,2,26,Brazil
10,2,42,Brazil
5,1,25,Brazil
10,2,49,Brazil
4,1,55,Brazil
7,1,37,Brazil
4,1,72,Brazil
5,2,53,Brazil
8,2,45,Brazil
4,2,63,Brazil
6,1,40,Brazil
2,2,43,Brazil
1,2,54,Brazil
5,1,33,Brazil
10,1,20,Brazil
5,1,38,Brazil
1,2,26,Brazil
3,2,41,Brazil
3,1,33,Brazil
4,2,27,Brazil
1,2,45,Brazil
10,2,40,Brazil
4,2,70,Brazil
4,2,20,Brazil
3,2,21,Brazil
10,2,59,Brazil
7,2,24,Brazil
8,2,43,Brazil
10,2,57,Brazil
8,2,39,Brazil
8,2,48,Brazil
5,2,76,Brazil
5,2,21,Brazil
7,1,39,Brazil
6,1,19,Brazil
7,2,26,Brazil
4,1,19,Brazil
5,2,38,Brazil
10,2,77,Brazil
8,2,70,Brazil
8,1,19,Brazil
10,1,72,Brazil
7,2,24,Brazil
6,1,21,Brazil
7,2,61,Brazil
1,1,44,Brazil
8,2,48,Brazil
3,2,67,Brazil
6,1,31,Brazil
5,2,36,Brazil
5,1,72,Brazil
10,1,26,Brazil
8,2,38,Brazil
5,1,38,Brazil
5,2,69,Brazil
5,2,52,Brazil
6,2,70,Brazil
8,2,85,Brazil
7,2,63,Brazil
8,2,70,Brazil
4,2,30,Brazil
8,2,84,Brazil
8,1,33,Brazil
5,1,22,Brazil
6,1,26,Brazil
5,1,38,Brazil
6,1,40,Brazil
9,2,30,Brazil
8,1,70,Brazil
10,1,20,Brazil
8,1,37,Brazil
6,1,34,Brazil
8,1,20,Brazil
7,1,37,Brazil
7,2,38,Brazil
8,2,50,Brazil
9,1,62,Brazil
6,2,28,Brazil
8,1,43,Brazil
4,1,29,Brazil
5,2,32,Brazil
3,2,37,Brazil
4,2,59,Brazil
8,2,25,Brazil
6,2,30,Brazil
8,1,38,Brazil
9,2,68,Brazil
4,1,67,Brazil
6,1,26,Brazil
8,2,38,Brazil
8,2,85,Brazil
7,2,41,Brazil
8,1,59,Brazil
7,1,18,Brazil
5,1,38,Brazil
8,1,21,Brazil
8,1,68,Brazil
10,2,71,Brazil
8,2,55,Brazil
4,2,80,Brazil
4,1,68,Brazil
7,2,24,Brazil
8,1,76,Brazil
7,1,66,Brazil
5,1,76,Brazil
6,1,53,Brazil
10,1,18,Brazil
10,1,74,Brazil
6,2,94,Brazil
6,1,19,Brazil
6,2,35,Brazil
5,2,22,Brazil
10,2,35,Brazil
7,1,70,Japan
5,1,71,Japan
7,1,74,Japan
2,1,38,Japan
1,1,44,Japan
3,1,55,Japan
4,1,58,Japan
9,2,76,Japan
5,2,67,Japan
7,2,71,Japan
7,2,21,Japan
2,2,18,Japan
6,2,18,Japan
5,2,52,Japan
7,1,68,Japan
4,1,69,Japan
7,1,25,Japan
4,2,78,Japan
6,2,83,Japan
6,2,38,Japan
6,2,44,Japan
5,1,39,Japan
7,1,47,Japan
8,2,69,Japan
5,2,81,Japan
8,2,29,Japan
4,2,37,Japan
5,2,57,Japan
8,2,58,Japan
5,2,63,Japan
8,2,44,Japan
4,1,66,Japan
6,2,57,Japan
5,1,68,Japan
3,1,59,Japan
7,1,61,Japan
5,1,62,Japan
6,2,79,Japan
3,2,73,Japan
8,2,40,Japan
5,2,48,Japan
5,2,59,Japan
5,1,70,Japan
6,1,58,Japan
8,2,73,Japan
9,2,74,Japan
5,2,36,Japan
5,1,73,Japan
7,1,62,Japan
6,2,74,Japan
8,1,65,Japan
5,2,66,Japan
3,2,54,Japan
5,1,68,Japan
5,1,52,Japan
6,1,55,Japan
10,2,72,Japan
3,2,34,Japan
6,2,55,Japan
8,1,65,Japan
6,1,71,Japan
6,1,77,Japan
5,1,49,Japan
9,1,59,Japan
7,2,68,Japan
5,2,61,Japan
5,1,73,Japan
6,1,75,Japan
5,1,27,Japan
8,1,48,Japan
5,2,77,Japan
7,2,70,Japan
8,2,39,Japan
4,1,20,Japan
6,1,39,Japan
6,1,59,Japan
8,1,60,Japan
7,2,52,Japan
7,2,61,Japan
5,1,70,Japan
4,1,34,Japan
9,2,39,Japan
6,1,72,Japan
5,1,75,Japan
4,1,20,Japan
3,1,31,Japan
6,2,31,Japan
8,2,38,Japan
3,2,39,Japan
9,2,55,Japan
9,2,60,Japan
5,1,80,Japan
6,1,65,Japan
5,1,77,Japan
6,1,73,Japan
6,1,35,Japan
5,1,51,Japan
4,1,60,Japan
7,2,76,Japan
8,2,65,Japan
8,2,70,Japan
5,2,21,Japan
7,2,29,Japan
7,2,38,Japan
8,2,41,Japan
5,2,55,Japan
7,2,57,Japan
10,2,57,Japan
8,2,57,Japan
6,1,76,Japan
5,1,66,Japan
5,1,65,Japan
5,1,57,Japan
5,1,55,Japan
5,2,29,Japan
5,2,53,Japan
2,2,56,Japan
6,1,67,Japan
5,2,58,Japan
10,1,93,Japan
4,1,34,Japan
8,2,82,Japan
6,2,70,Japan
8,2,32,Japan
3,2,35,Japan
3,1,82,Japan
5,1,27,Japan
5,1,46,Japan
4,1,54,Japan
7,2,80,Japan
6,2,53,Japan
5,2,61,Japan
3,2,60,Japan
7,2,67,Japan
6,2,58,Japan
7,1,71,Japan
7,1,61,Japan
5,2,66,Japan
5,2,48,Japan
4,2,46,Japan
7,2,60,Japan
6,2,61,Japan
7,1,90,Japan
7,1,61,Japan
5,1,31,Japan
7,1,18,Japan
5,2,69,Japan
5,2,80,Japan
7,2,67,Japan
5,2,66,Japan
4,1,63,Japan
5,2,25,Japan
8,2,37,Japan
5,1,59,Japan
8,2,77,Japan
5,2,28,Japan
3,2,27,Japan
7,2,44,Japan
4,2,45,Japan
7,1,71,Japan
4,1,73,Japan
5,1,62,Japan
6,2,66,Japan
10,2,76,Japan
4,2,25,Japan
4,1,20,Japan
6,2,50,Japan
5,2,55,Japan
5,2,56,Japan
7,1,23,Japan
4,1,42,Japan
8,2,65,Japan
5,2,26,Japan
6,2,48,Japan
3,1,71,Japan
0,1,75,Japan
5,2,18,Japan
6,2,40,Japan
4,2,50,Japan
5,2,52,Japan
7,2,61,Japan
10,2,70,Japan
5,2,71,Japan
5,2,59,Japan
0,1,70,Japan
6,2,81,Japan
8,2,56,Japan
5,2,64,Japan
7,1,50,Japan
9,1,60,Japan
8,2,71,Japan
8,2,66,Japan
5,2,69,Japan
7,2,39,Japan
6,2,36,Japan
3,1,66,Japan
8,1,41,Japan
6,1,55,Japan
5,2,72,Japan
5,2,52,Japan
6,2,55,Japan
4,1,53,Japan
10,2,77,Japan
9,2,60,Japan
10,1,75,Japan
8,1,70,Japan
4,1,22,Japan
5,1,39,Japan
3,1,43,Japan
5,1,40,Japan
6,1,45,Japan
4,1,53,Japan
5,1,50,Japan
7,1,58,Japan
8,1,57,Japan
4,1,56,Japan
5,2,70,Japan
8,2,68,Japan
0,2,80,Japan
7,2,74,Japan
6,2,65,Japan
8,2,20,Japan
7,2,19,Japan
6,2,28,Japan
7,2,28,Japan
7,2,33,Japan
0,2,30,Japan
7,2,41,Japan
5,2,40,Japan
8,2,54,Japan
7,2,54,Japan
5,2,54,Japan
7,2,59,Japan
7,2,57,Japan
8,2,59,Japan
5,2,62,Japan
5,2,62,Japan
9,1,65,Japan
7,1,42,Japan
6,1,47,Japan
4,2,39,Japan
5,1,81,Japan
6,1,66,Japan
2,1,28,Japan
7,1,61,Japan
5,2,82,Japan
5,2,18,Japan
8,1,73,Japan
4,1,19,Japan
8,1,26,Japan
4,1,32,Japan
5,1,40,Japan
6,1,40,Japan
8,1,41,Japan
6,1,49,Japan
5,2,69,Japan
10,2,74,Japan
5,2,32,Japan
5,2,43,Japan
5,2,40,Japan
7,2,40,Japan
5,2,50,Japan
7,2,53,Japan
5,2,64,Japan
4,2,63,Japan
6,1,74,Japan
5,2,68,Japan
7,2,77,Japan
8,2,28,Japan
7,1,73,Japan
4,1,70,Japan
4,1,70,Japan
5,1,67,Japan
7,1,78,Japan
4,1,71,Japan
7,1,76,Japan
6,1,77,Japan
5,1,18,Japan
6,1,21,Japan
4,1,19,Japan
4,1,34,Japan
6,1,33,Japan
4,1,37,Japan
5,1,44,Japan
8,1,40,Japan
5,1,49,Japan
4,1,48,Japan
3,1,50,Japan
8,1,59,Japan
8,1,61,Japan
1,1,60,Japan
5,1,60,Japan
8,2,70,Japan
5,2,77,Japan
6,2,69,Japan
5,2,70,Japan
7,2,78,Japan
8,2,29,Japan
6,2,31,Japan
8,2,31,Japan
5,2,30,Japan
6,2,42,Japan
5,2,40,Japan
4,2,40,Japan
6,2,43,Japan
7,2,43,Japan
7,2,41,Japan
7,2,42,Japan
5,2,41,Japan
5,2,48,Japan
7,2,52,Japan
5,1,65,Japan
7,1,19,Japan
5,1,31,Japan
5,1,56,Japan
2,1,56,Japan
7,1,58,Japan
6,1,58,Japan
5,2,78,Japan
6,2,65,Japan
7,2,69,Japan
5,2,32,Japan
5,2,37,Japan
9,2,38,Japan
7,2,35,Japan
6,2,49,Japan
7,2,58,Japan
7,2,62,Japan
6,2,64,Japan
5,2,60,Japan
5,1,44,Japan
5,1,51,Japan
3,1,66,Japan
8,1,82,Japan
7,1,77,Japan
5,1,67,Japan
8,1,88,Japan
7,1,24,Japan
5,1,21,Japan
8,1,29,Japan
5,1,29,Japan
7,1,35,Japan
5,1,41,Japan
3,1,43,Japan
7,1,60,Japan
5,1,63,Japan
9,1,60,Japan
5,1,60,Japan
8,1,61,Japan
5,2,67,Japan
5,2,80,Japan
5,2,76,Japan
4,2,75,Japan
5,2,65,Japan
8,2,29,Japan
8,2,34,Japan
5,2,32,Japan
4,2,39,Japan
5,2,38,Japan
6,2,38,Japan
7,2,40,Japan
8,2,41,Japan
5,2,40,Japan
6,2,45,Japan
7,2,49,Japan
5,2,53,Japan
0,2,58,Japan
8,2,57,Japan
7,2,59,Japan
7,2,61,Japan
5,2,63,Japan
5,2,61,Japan
5,2,60,Japan
7,1,70,Japan
8,1,71,Japan
5,1,66,Japan
8,1,65,Japan
8,1,21,Japan
7,1,31,Japan
4,1,36,Japan
8,1,38,Japan
5,1,44,Japan
6,1,51,Japan
7,1,51,Japan
4,1,61,Japan
8,1,61,Japan
10,1,64,Japan
10,2,66,Japan
7,2,71,Japan
10,2,75,Japan
8,2,71,Japan
5,2,68,Japan
5,2,72,Japan
6,2,75,Japan
7,2,21,Japan
6,2,37,Japan
8,2,39,Japan
5,2,47,Japan
7,2,48,Japan
7,2,45,Japan
7,2,50,Japan
7,2,54,Japan
5,2,56,Japan
6,2,55,Japan
5,1,65,Japan
3,1,29,Japan
5,1,36,Japan
0,1,60,Japan
8,2,73,Japan
10,2,67,Japan
4,2,65,Japan
8,2,19,Japan
5,2,45,Japan
5,2,62,Japan
5,1,46,Japan
5,1,54,Japan
4,1,50,Japan
5,1,57,Japan
2,2,60,Japan
8,1,72,Japan
8,1,65,Japan
10,2,70,Japan
4,2,73,Japan
5,2,67,Japan
8,2,20,Japan
8,2,46,Japan
6,2,50,Japan
5,2,57,Japan
5,2,60,Japan
5,1,77,Japan
5,1,64,Japan
5,2,70,Japan
4,2,44,Japan
6,2,58,Japan
5,1,67,Japan
5,1,52,Japan
6,2,23,Japan
6,2,49,Japan
5,2,69,Japan
6,2,53,Japan
8,2,56,Japan
4,1,76,Japan
6,1,86,Japan
7,1,65,Japan
7,1,70,Japan
5,1,77,Japan
6,1,31,Japan
8,1,37,Japan
7,1,46,Japan
5,1,52,Japan
6,1,58,Japan
4,1,62,Japan
5,2,68,Japan
5,2,81,Japan
5,2,23,Japan
7,2,37,Japan
6,2,47,Japan
4,2,55,Japan
6,2,73,Japan
5,2,67,Japan
10,2,58,Japan
9,2,61,Japan
8,2,77,Japan
7,2,39,Japan
6,2,44,Japan
8,2,40,Japan
6,2,49,Japan
7,2,50,Japan
5,2,62,Japan
6,1,65,Japan
4,1,61,Japan
9,2,67,Japan
5,2,18,Japan
7,2,39,Japan
8,2,61,Japan
3,1,29,Japan
3,1,37,Japan
7,1,55,Japan
5,1,64,Japan
4,1,63,Japan
8,1,64,Japan
9,2,70,Japan
7,2,77,Japan
10,2,73,Japan
5,2,19,Japan
8,2,34,Japan
7,2,48,Japan
7,1,77,Japan
6,1,37,Japan
5,1,53,Japan
3,1,59,Japan
6,1,64,Japan
7,2,79,Japan
5,2,25,Japan
8,2,28,Japan
5,2,32,Japan
6,2,35,Japan
1,2,35,Japan
6,2,40,Japan
7,2,48,Japan
6,2,54,Japan
10,2,51,Japan
5,2,54,Japan
5,2,58,Japan
8,2,64,Japan
6,1,23,Japan
8,1,48,Japan
5,2,68,Japan
5,1,43,Japan
8,2,72,Japan
7,2,55,Japan
5,2,64,Japan
0,1,75,Japan
6,1,19,Japan
7,1,53,Japan
8,2,65,Japan
7,2,40,Japan
9,1,68,Japan
4,1,28,Japan
10,1,30,Japan
5,1,54,Japan
6,2,65,Japan
8,2,75,Japan
5,2,34,Japan
8,2,55,Japan
6,1,62,Japan
5,2,18,Japan
7,2,31,Japan
6,2,39,Japan
7,2,48,Japan
5,2,54,Japan
7,2,26,Japan
8,2,52,Japan
8,2,50,Japan
10,2,51,Japan
8,2,35,Japan
6,2,57,Japan
5,2,62,Japan
3,1,20,Japan
5,1,53,Japan
7,2,68,Japan
7,2,24,Japan
7,2,49,Japan
7,2,50,Japan
7,2,57,Japan
6,1,67,Japan
6,1,61,Japan
5,2,50,Japan
4,1,47,Japan
5,1,52,Japan
10,2,66,Japan
7,2,69,Japan
7,2,48,Japan
7,1,34,Japan
4,2,71,Japan
8,1,78,Japan
5,1,38,Japan
6,1,37,Japan
10,1,40,Japan
4,1,50,Japan
6,1,62,Japan
3,2,67,Japan
5,2,67,Japan
5,2,65,Japan
6,2,21,Japan
8,2,32,Japan
5,2,38,Japan
3,2,38,Japan
9,2,53,Japan
5,1,67,Japan
7,1,69,Japan
7,1,21,Japan
3,1,38,Japan
7,1,43,Japan
6,1,48,Japan
8,1,59,Japan
5,1,55,Japan
8,1,58,Japan
7,1,55,Japan
5,1,60,Japan
8,2,80,Japan
8,2,83,Japan
5,2,67,Japan
7,2,70,Japan
8,2,67,Japan
3,2,18,Japan
7,2,33,Japan
7,2,33,Japan
5,2,32,Japan
4,2,34,Japan
7,2,32,Japan
5,2,38,Japan
8,2,41,Japan
8,2,45,Japan
8,2,45,Japan
6,2,54,Japan
4,2,57,Japan
6,2,55,Japan
8,2,59,Japan
7,2,60,Japan
5,1,72,Japan
2,1,72,Japan
8,1,69,Japan
7,1,19,Japan
6,1,25,Japan
5,1,46,Japan
8,2,73,Japan
5,2,69,Japan
8,2,45,Japan
6,2,64,Japan
6,2,62,Japan
8,1,84,Japan
5,1,81,Japan
8,1,19,Japan
4,1,35,Japan
7,1,37,Japan
3,1,40,Japan
8,1,53,Japan
8,1,64,Japan
5,1,63,Japan
7,1,61,Japan
5,2,44,Japan
9,2,50,Japan
5,2,50,Japan
5,2,54,Japan
8,2,60,Japan
10,2,61,Japan
7,2,60,Japan
8,1,69,Japan
5,1,68,Japan
6,1,59,Japan
7,2,77,Japan
9,2,65,Japan
7,2,33,Japan
8,2,65,Japan
5,2,51,Japan
0,2,51,Japan
4,1,63,Japan
7,2,51,Japan
7,2,56,Japan
5,2,61,Japan
7,1,84,Japan
5,1,68,Japan
4,1,33,Japan
6,1,43,Japan
8,1,62,Japan
5,2,68,Japan
5,2,66,Japan
5,2,56,Japan
10,2,61,Japan
5,1,84,Japan
5,1,25,Japan
9,2,19,Japan
8,2,32,Japan
5,2,49,Japan
3,2,51,Japan
6,2,53,Japan
5,2,55,Japan
5,1,72,Japan
5,1,73,Japan
8,1,74,Japan
9,2,78,Japan
5,2,55,Japan
8,2,60,Japan
0,1,48,Japan
5,2,44,Japan
10,2,59,Japan
5,2,60,Japan
5,1,70,Japan
5,1,70,Japan
3,1,48,Japan
6,2,70,Japan
9,2,42,Japan
6,2,41,Japan
3,2,55,Japan
5,1,33,Japan
7,1,59,Japan
7,1,39,Japan
7,2,85,Japan
5,2,56,Japan
8,2,59,Japan
7,1,75,Japan
10,1,68,Japan
9,2,29,Japan
5,2,57,Japan
5,1,48,Japan
7,2,69,Japan
7,2,55,Japan
7,2,61,Japan
8,1,44,Japan
6,1,61,Japan
5,2,65,Japan
5,2,59,Japan
8,2,61,Japan
8,1,77,Japan
2,1,46,Japan
6,1,53,Japan
3,2,32,Japan
8,2,42,Japan
5,2,49,Japan
6,1,67,Japan
5,2,80,Japan
5,1,35,Kenya
7,1,20,Kenya
6,2,40,Kenya
5,2,23,Kenya
5,1,53,Kenya
5,2,24,Kenya
6,2,36,Kenya
6,1,26,Kenya
2,1,52,Kenya
4,1,19,Kenya
4,1,52,Kenya
5,2,34,Kenya
3,2,28,Kenya
4,2,55,Kenya
7,1,29,Kenya
6,1,18,Kenya
6,2,41,Kenya
7,2,28,Kenya
5,2,22,Kenya
6,2,45,Kenya
7,2,40,Kenya
8,2,27,Kenya
6,1,22,Kenya
6,1,36,Kenya
3,1,25,Kenya
3,1,51,Kenya
2,2,54,Kenya
1,1,46,Kenya
10,1,20,Kenya
3,1,19,Kenya
3,2,49,Kenya
6,1,31,Kenya
7,1,28,Kenya
5,1,18,Kenya
7,2,29,Kenya
7,1,51,Kenya
6,1,19,Kenya
4,1,43,Kenya
5,2,24,Kenya
6,2,55,Kenya
4,2,31,Kenya
8,1,23,Kenya
8,2,37,Kenya
8,2,51,Kenya
7,1,41,Kenya
8,1,29,Kenya
6,2,18,Kenya
4,1,27,Kenya
3,1,39,Kenya
5,2,34,Kenya
6,1,22,Kenya
5,1,52,Kenya
9,2,36,Kenya
4,2,48,Kenya
7,1,32,Kenya
9,2,33,Kenya
6,1,19,Kenya
3,2,32,Kenya
3,1,46,Kenya
3,1,27,Kenya
4,1,44,Kenya
2,2,54,Kenya
2,2,28,Kenya
5,2,32,Kenya
8,2,18,Kenya
3,2,20,Kenya
3,1,36,Kenya
6,1,22,Kenya
6,2,19,Kenya
7,2,47,Kenya
5,1,22,Kenya
6,1,54,Kenya
4,1,32,Kenya
5,1,55,Kenya
5,2,20,Kenya
10,2,27,Kenya
7,2,52,Kenya
9,1,41,Kenya
4,1,28,Kenya
8,2,52,Kenya
6,2,35,Kenya
7,2,41,Kenya
7,1,18,Kenya
2,1,36,Kenya
2,2,31,Kenya
5,2,19,Kenya
4,1,19,Kenya
3,1,46,Kenya
5,1,22,Kenya
5,2,42,Kenya
6,2,21,Kenya
5,2,29,Kenya
4,1,34,Kenya
8,2,19,Kenya
5,1,50,Kenya
4,1,24,Kenya
6,1,30,Kenya
5,2,36,Kenya
3,2,21,Kenya
1,2,36,Kenya
6,2,25,Kenya
6,1,26,Kenya
2,1,45,Kenya
4,1,37,Kenya
6,1,40,Kenya
5,1,54,Kenya
8,1,18,Kenya
8,2,40,Kenya
3,2,35,Kenya
4,2,23,Kenya
1,2,41,Kenya
3,1,29,Kenya
4,1,39,Kenya
5,2,30,Kenya
4,2,24,Kenya
6,1,52,Kenya
3,1,18,Kenya
6,2,18,Kenya
5,2,23,Kenya
6,2,54,Kenya
6,1,34,Kenya
6,1,25,Kenya
5,2,27,Kenya
5,1,29,Kenya
0,1,59,Kenya
8,1,47,Kenya
1,2,36,Kenya
6,2,42,Kenya
4,2,27,Kenya
3,1,53,Kenya
2,1,18,Kenya
8,1,62,Kenya
5,1,32,Kenya
5,1,47,Kenya
5,2,18,Kenya
4,2,28,Kenya
4,2,58,Kenya
5,2,49,Kenya
5,1,48,Kenya
5,2,39,Kenya
4,1,29,Kenya
5,1,38,Kenya
8,1,19,Kenya
3,2,49,Kenya
5,1,26,Kenya
0,2,60,Kenya
6,1,28,Kenya
5,1,18,Kenya
3,2,38,Kenya
5,2,22,Kenya
6,2,27,Kenya
5,2,35,Kenya
6,1,44,Kenya
6,1,35,Kenya
6,1,33,Kenya
7,1,56,Kenya
4,2,53,Kenya
5,2,46,Kenya
5,2,26,Kenya
7,2,53,Kenya
6,1,42,Kenya
5,1,19,Kenya
4,1,28,Kenya
3,1,44,Kenya
4,2,53,Kenya
2,2,23,Kenya
3,2,32,Kenya
3,1,53,Kenya
3,2,38,Kenya
4,2,20,Kenya
3,2,19,Kenya
5,1,35,Kenya
4,2,46,Kenya
6,2,27,Kenya
6,2,18,Kenya
5,1,27,Kenya
4,1,21,Kenya
4,2,30,Kenya
3,2,59,Kenya
3,1,28,Kenya
3,2,22,Kenya
5,2,49,Kenya
3,2,36,Kenya
3,1,37,Kenya
2,1,32,Kenya
3,2,42,Kenya
3,1,28,Kenya
4,2,28,Kenya
4,2,51,Kenya
3,1,48,Kenya
5,1,22,Kenya
5,1,43,Kenya
4,1,35,Kenya
5,2,20,Kenya
5,2,52,Kenya
3,1,18,Kenya
3,1,32,Kenya
4,2,50,Kenya
4,2,35,Kenya
6,2,23,Kenya
6,2,47,Kenya
7,1,38,Kenya
6,1,27,Kenya
5,1,19,Kenya
5,2,41,Kenya
5,2,32,Kenya
5,1,42,Kenya
4,1,50,Kenya
2,2,51,Kenya
4,2,22,Kenya
3,2,38,Kenya
6,1,52,Kenya
5,1,37,Kenya
6,2,33,Kenya
7,2,28,Kenya
3,2,43,Kenya
2,1,29,Kenya
6,1,41,Kenya
9,1,19,Kenya
8,1,35,Kenya
8,2,20,Kenya
9,2,50,Kenya
6,1,43,Kenya
9,2,39,Kenya
9,2,53,Kenya
7,2,38,Kenya
9,2,29,Kenya
8,1,28,Kenya
7,1,19,Kenya
7,2,25,Kenya
9,2,33,Kenya
3,1,31,Kenya
4,1,28,Kenya
3,1,42,Kenya
2,1,21,Kenya
3,1,37,Kenya
4,2,24,Kenya
3,2,18,Kenya
4,2,38,Kenya
3,2,54,Kenya
4,1,32,Kenya
4,1,22,Kenya
3,2,31,Kenya
6,1,19,Kenya
4,1,26,Kenya
2,2,30,Kenya
3,1,34,Kenya
1,1,22,Kenya
5,2,31,Kenya
2,2,44,Kenya
4,2,48,Kenya
7,1,56,Kenya
5,1,20,Kenya
7,1,36,Kenya
8,2,32,Kenya
6,1,38,Kenya
5,2,30,Kenya
6,1,34,Kenya
7,2,55,Kenya
8,2,37,Kenya
7,2,20,Kenya
5,1,21,Kenya
3,1,39,Kenya
5,2,29,Kenya
6,1,35,Kenya
3,1,63,Kenya
6,2,26,Kenya
5,1,20,Kenya
5,2,32,Kenya
4,2,23,Kenya
6,1,19,Kenya
4,1,54,Kenya
6,1,42,Kenya
4,1,35,Kenya
5,1,56,Kenya
6,2,38,Kenya
3,2,18,Kenya
5,2,25,Kenya
6,1,51,Kenya
4,2,42,Kenya
6,2,26,Kenya
5,2,37,Kenya
7,1,22,Kenya
4,2,39,Kenya
3,2,65,Kenya
4,1,48,Kenya
4,2,38,Kenya
5,2,22,Kenya
3,1,38,Kenya
0,2,29,Kenya
2,1,22,Kenya
3,1,62,Kenya
5,1,20,Kenya
7,1,34,Kenya
7,2,20,Kenya
4,2,50,Kenya
5,1,54,Kenya
4,2,42,Kenya
4,1,34,Kenya
4,2,30,Kenya
5,2,20,Kenya
5,1,37,Kenya
5,1,20,Kenya
4,2,28,Kenya
5,1,50,Kenya
4,1,27,Kenya
4,2,54,Kenya
6,2,32,Kenya
5,2,50,Kenya
5,1,31,Kenya
6,1,42,Kenya
5,1,54,Kenya
5,2,26,Kenya
4,2,39,Kenya
5,1,29,Kenya
4,1,36,Kenya
5,1,53,Kenya
5,2,43,Kenya
5,1,53,Kenya
5,1,37,Kenya
5,1,26,Kenya
4,2,32,Kenya
5,2,18,Kenya
5,1,49,Kenya
4,1,22,Kenya
4,2,36,Kenya
4,2,43,Kenya
4,2,24,Kenya
4,2,32,Kenya
5,1,20,Kenya
4,2,51,Kenya
6,2,43,Kenya
4,1,37,Kenya
4,1,29,Kenya
4,2,35,Kenya
4,2,19,Kenya
5,2,27,Kenya
4,2,27,Kenya
5,2,28,Kenya
7,1,19,Kenya
7,2,37,Kenya
6,2,33,Kenya
5,2,51,Kenya
6,1,29,Kenya
6,2,19,Kenya
7,2,30,Kenya
7,2,25,Kenya
5,1,26,Kenya
6,2,18,Kenya
4,1,33,Kenya
6,1,45,Kenya
7,1,40,Kenya
6,1,28,Kenya
7,2,22,Kenya
6,2,48,Kenya
6,1,22,Kenya
7,1,35,Kenya
6,2,46,Kenya
5,2,52,Kenya
6,2,46,Kenya
6,1,33,Kenya
4,1,19,Kenya
7,1,21,Kenya
7,1,37,Kenya
6,2,23,Kenya
5,1,62,Kenya
5,2,52,Kenya
7,1,51,Kenya
4,2,56,Kenya
4,1,58,Kenya
4,2,36,Kenya
4,2,60,Kenya
4,1,53,Kenya
10,2,37,Kenya
3,1,50,Kenya
6,1,29,Kenya
1,2,20,Kenya
6,1,59,Kenya
5,1,24,Kenya
6,1,30,Kenya
5,1,19,Kenya
4,1,49,Kenya
4,1,39,Kenya
4,1,28,Kenya
3,1,48,Kenya
4,2,48,Kenya
7,2,40,Kenya
2,2,50,Kenya
10,1,19,Kenya
6,1,49,Kenya
0,2,33,Kenya
9,1,39,Kenya
4,2,40,Kenya
3,1,24,Kenya
5,2,26,Kenya
2,1,28,Kenya
2,1,48,Kenya
4,1,58,Kenya
5,1,28,Kenya
5,2,35,Kenya
4,2,42,Kenya
6,1,37,Kenya
3,1,51,Kenya
10,2,19,Kenya
6,1,30,Kenya
6,1,30,Kenya
4,1,19,Kenya
2,1,36,Kenya
4,2,50,Kenya
5,1,40,Kenya
5,1,30,Kenya
3,2,24,Kenya
3,2,33,Kenya
3,1,38,Kenya
7,1,51,Kenya
6,1,27,Kenya
6,2,19,Kenya
7,2,43,Kenya
5,1,32,Kenya
7,1,41,Kenya
8,2,37,Kenya
10,2,23,Kenya
8,2,56,Kenya
2,2,29,Kenya
8,2,27,Kenya
4,1,54,Kenya
6,2,50,Kenya
7,1,52,Kenya
6,2,37,Kenya
6,1,43,Kenya
3,2,19,Kenya
3,1,35,Kenya
5,1,29,Kenya
3,2,40,Kenya
4,2,38,Kenya
6,1,31,Kenya
9,2,21,Kenya
6,1,25,Kenya
8,2,31,Kenya
1,1,52,Kenya
7,1,32,Kenya
7,1,26,Kenya
6,1,54,Kenya
4,1,21,Kenya
5,2,24,Kenya
5,1,50,Kenya
5,2,30,Kenya
0,2,37,Kenya
9,2,41,Kenya
5,1,21,Kenya
3,2,56,Kenya
5,2,24,Kenya
1,2,38,Kenya
4,1,22,Kenya
3,1,42,Kenya
6,2,25,Kenya
5,1,18,Kenya
3,2,54,Kenya
2,1,47,Kenya
8,2,32,Kenya
2,1,27,Kenya
9,1,29,Kenya
4,2,25,Kenya
5,2,26,Kenya
5,1,31,Kenya
4,2,47,Kenya
5,1,23,Kenya
5,2,27,Kenya
3,1,38,Kenya
4,1,36,Kenya
4,2,48,Kenya
4,2,38,Kenya
7,1,60,Kenya
4,1,27,Kenya
5,2,28,Kenya
4,2,38,Kenya
4,2,47,Kenya
7,1,27,Kenya
5,1,37,Kenya
7,1,48,Kenya
8,1,27,Kenya
7,1,50,Kenya
7,2,36,Kenya
4,2,44,Kenya
5,1,60,Kenya
7,1,33,Kenya
7,1,26,Kenya
7,2,28,Kenya
5,1,48,Kenya
3,2,46,Kenya
3,1,19,Kenya
5,1,55,Kenya
6,2,30,Kenya
4,1,24,Kenya
4,2,23,Kenya
6,2,32,Kenya
6,1,28,Kenya
5,1,30,Kenya
6,2,19,Kenya
2,2,40,Kenya
10,2,24,Kenya
9,2,33,Kenya
9,2,50,Kenya
7,1,26,Kenya
6,1,37,Kenya
9,2,41,Kenya
8,1,25,Kenya
7,1,55,Kenya
8,2,28,Kenya
8,1,37,Kenya
5,1,50,Kenya
9,1,33,Kenya
2,2,57,Kenya
3,2,18,Kenya
3,1,56,Kenya
4,2,32,Kenya
3,1,28,Kenya
4,1,41,Kenya
3,1,37,Kenya
3,2,46,Kenya
3,2,26,Kenya
5,1,28,Kenya
3,1,35,Kenya
3,2,60,Kenya
3,2,48,Kenya
3,2,54,Kenya
3,1,47,Kenya
5,2,24,Kenya
5,2,29,Kenya
5,1,43,Kenya
7,2,23,Kenya
5,1,20,Kenya
8,2,34,Kenya
3,1,33,Kenya
4,2,51,Kenya
5,2,22,Kenya
5,2,36,Kenya
5,1,44,Kenya
5,1,27,Kenya
6,1,35,Kenya
7,1,51,Kenya
3,2,18,Kenya
4,1,35,Kenya
4,1,20,Kenya
4,2,21,Kenya
5,1,31,Kenya
4,2,31,Kenya
5,1,42,Kenya
5,2,31,Kenya
5,1,44,Kenya
5,2,42,Kenya
4,2,33,Kenya
5,2,24,Kenya
5,1,20,Kenya
5,1,39,Kenya
6,2,30,Kenya
4,1,25,Kenya
5,1,18,Kenya
4,2,53,Kenya
8,1,24,Kenya
4,2,43,Kenya
6,1,51,Kenya
6,2,19,Kenya
5,2,24,Kenya
5,1,38,Kenya
9,1,53,Kenya
7,2,41,Kenya
5,1,19,Kenya
7,1,29,Kenya
7,2,27,Kenya
7,1,43,Kenya
5,2,50,Kenya
6,1,55,Kenya
7,1,38,Kenya
6,2,50,Kenya
9,2,18,Kenya
7,2,24,Kenya
5,1,60,Kenya
6,2,32,Kenya
7,2,57,Kenya
5,2,38,Kenya
6,1,25,Kenya
7,1,37,Kenya
6,2,28,Kenya
6,1,42,Kenya
6,1,32,Kenya
6,2,34,Kenya
6,1,42,Kenya
4,2,32,Kenya
5,2,20,Kenya
5,2,23,Kenya
0,2,19,Kenya
4,2,28,Kenya
3,2,36,Kenya
5,1,47,Kenya
5,2,28,Kenya
0,1,20,Kenya
5,1,32,Kenya
9,2,27,Kenya
9,1,31,Kenya
5,2,36,Kenya
6,2,42,Kenya
8,2,25,Kenya
1,2,32,Kenya
4,2,25,Kenya
9,1,41,Kenya
5,1,37,Kenya
4,2,48,Kenya
5,1,38,Kenya
4,1,19,Kenya
8,2,21,Kenya
3,1,51,Kenya
6,2,35,Kenya
3,1,40,Kenya
8,1,21,Kenya
5,1,19,Kenya
6,2,53,Kenya
5,1,27,Kenya
7,2,52,Kenya
3,2,39,Kenya
3,2,28,Kenya
5,2,30,Kenya
3,1,45,Kenya
3,2,50,Kenya
5,2,40,Kenya
4,1,31,Kenya
4,2,42,Kenya
2,1,30,Kenya
4,1,24,Kenya
4,1,43,Kenya
5,2,44,Kenya
5,2,29,Kenya
5,1,30,Kenya
3,2,54,Kenya
6,1,49,Kenya
4,1,45,Kenya
3,2,57,Kenya
2,1,30,Kenya
4,1,44,Kenya
1,1,62,Kenya
4,1,55,Kenya
4,1,23,Kenya
5,2,43,Kenya
5,2,41,Kenya
4,1,26,Kenya
2,1,33,Kenya
4,2,48,Kenya
4,2,36,Kenya
4,1,31,Kenya
9,2,30,Kenya
5,2,22,Kenya
1,1,23,Kenya
5,2,25,Kenya
6,2,52,Kenya
3,2,45,Kenya
7,1,19,Mexico
8,2,28,Mexico
8,2,26,Mexico
7,1,52,Mexico
8,2,19,Mexico
5,1,40,Mexico
8,2,31,Mexico
7,1,22,Mexico
8,2,32,Mexico
9,1,27,Mexico
9,2,32,Mexico
7,2,30,Mexico
6,2,21,Mexico
4,1,99,Mexico
5,1,54,Mexico
8,1,41,Mexico
6,2,35,Mexico
6,1,39,Mexico
6,2,32,Mexico
5,1,34,Mexico
6,2,25,Mexico
7,2,20,Mexico
8,1,38,Mexico
4,2,44,Mexico
5,1,61,Mexico
2,2,47,Mexico
6,2,28,Mexico
7,1,20,Mexico
8,1,55,Mexico
8,1,54,Mexico
5,2,49,Mexico
2,2,36,Mexico
8,1,40,Mexico
6,1,20,Mexico
9,1,64,Mexico
7,2,30,Mexico
2,1,35,Mexico
8,1,20,Mexico
7,2,52,Mexico
10,2,67,Mexico
10,2,52,Mexico
8,2,48,Mexico
7,2,56,Mexico
8,1,62,Mexico
9,1,78,Mexico
10,2,50,Mexico
7,2,39,Mexico
7,2,45,Mexico
10,2,77,Mexico
6,2,55,Mexico
8,2,27,Mexico
7,2,60,Mexico
8,2,47,Mexico
8,1,40,Mexico
8,1,61,Mexico
10,1,36,Mexico
8,1,61,Mexico
9,1,49,Mexico
5,2,56,Mexico
5,1,57,Mexico
5,1,26,Mexico
4,1,22,Mexico
6,1,31,Mexico
6,1,37,Mexico
6,1,22,Mexico
6,2,29,Mexico
4,2,41,Mexico
5,1,39,Mexico
8,2,33,Mexico
6,1,47,Mexico
5,2,33,Mexico
6,1,18,Mexico
5,2,36,Mexico
6,1,18,Mexico
5,1,26,Mexico
4,2,36,Mexico
6,1,20,Mexico
8,2,40,Mexico
9,1,42,Mexico
10,2,63,Mexico
7,1,36,Mexico
4,1,55,Mexico
8,1,85,Mexico
7,1,40,Mexico
9,2,37,Mexico
10,2,49,Mexico
8,1,19,Mexico
8,2,58,Mexico
10,2,39,Mexico
7,2,35,Mexico
6,1,52,Mexico
10,1,70,Mexico
10,1,28,Mexico
3,2,27,Mexico
5,2,52,Mexico
10,2,28,Mexico
8,2,21,Mexico
9,2,35,Mexico
10,1,43,Mexico
8,1,28,Mexico
5,1,31,Mexico
8,1,35,Mexico
8,1,25,Mexico
8,2,56,Mexico
9,2,53,Mexico
3,1,66,Mexico
1,1,28,Mexico
9,1,41,Mexico
5,1,28,Mexico
5,2,41,Mexico
9,2,37,Mexico
6,1,42,Mexico
7,2,40,Mexico
9,2,49,Mexico
4,1,26,Mexico
9,1,28,Mexico
9,1,39,Mexico
4,1,47,Mexico
5,1,67,Mexico
7,2,37,Mexico
9,2,22,Mexico
5,1,78,Mexico
6,1,24,Mexico
6,1,50,Mexico
8,2,69,Mexico
5,1,37,Mexico
9,1,44,Mexico
7,1,44,Mexico
8,2,43,Mexico
8,2,26,Mexico
8,1,47,Mexico
8,1,46,Mexico
10,2,45,Mexico
6,1,28,Mexico
6,2,43,Mexico
8,1,36,Mexico
8,2,40,Mexico
7,1,25,Mexico
8,1,35,Mexico
8,2,30,Mexico
6,1,45,Mexico
5,1,30,Mexico
10,1,23,Mexico
7,1,26,Mexico
10,1,48,Mexico
1,2,34,Mexico
8,1,24,Mexico
4,1,44,Mexico
7,2,52,Mexico
8,1,24,Mexico
7,1,34,Mexico
1,1,59,Mexico
0,1,36,Mexico
5,2,47,Mexico
7,2,51,Mexico
9,1,39,Mexico
8,1,35,Mexico
10,1,68,Mexico
9,2,24,Mexico
8,2,58,Mexico
7,1,20,Mexico
6,2,32,Mexico
7,2,35,Mexico
5,1,26,Mexico
2,2,51,Mexico
4,1,50,Mexico
8,1,34,Mexico
8,2,58,Mexico
8,1,41,Mexico
10,1,43,Mexico
8,1,74,Mexico
7,1,32,Mexico
8,1,34,Mexico
8,1,48,Mexico
10,2,40,Mexico
7,1,25,Mexico
8,1,22,Mexico
7,2,19,Mexico
9,1,38,Mexico
9,2,65,Mexico
8,1,52,Mexico
3,2,30,Mexico
5,2,84,Mexico
5,1,30,Mexico
5,2,73,Mexico
7,1,45,Mexico
7,1,22,Mexico
9,2,26,Mexico
6,1,50,Mexico
9,1,77,Mexico
5,1,35,Mexico
8,1,19,Mexico
6,2,45,Mexico
5,2,35,Mexico
6,2,26,Mexico
7,1,28,Mexico
8,1,49,Mexico
8,2,25,Mexico
8,2,52,Mexico
5,1,26,Mexico
8,1,32,Mexico
7,2,56,Mexico
8,1,56,Mexico
10,1,36,Mexico
8,1,26,Mexico
5,2,23,Mexico
8,1,28,Mexico
5,2,59,Mexico
10,2,46,Mexico
5,2,25,Mexico
8,1,34,Mexico
8,1,40,Mexico
6,2,47,Mexico
7,2,19,Mexico
5,2,39,Mexico
8,1,73,Mexico
9,1,69,Mexico
5,2,59,Mexico
8,2,68,Mexico
6,2,30,Mexico
8,1,32,Mexico
8,1,28,Mexico
8,1,35,Mexico
3,2,30,Mexico
6,2,22,Mexico
5,1,36,Mexico
9,1,50,Mexico
8,2,33,Mexico
7,2,18,Mexico
8,2,47,Mexico
5,2,53,Mexico
8,1,38,Mexico
10,1,36,Mexico
8,2,20,Mexico
6,1,28,Mexico
8,1,53,Mexico
4,2,24,Mexico
7,2,38,Mexico
8,1,60,Mexico
9,2,50,Mexico
10,2,22,Mexico
8,1,45,Mexico
10,2,37,Mexico
8,1,52,Mexico
6,1,38,Mexico
7,2,28,Mexico
8,1,42,Mexico
10,2,39,Mexico
10,2,25,Mexico
8,1,44,Mexico
6,2,32,Mexico
7,1,18,Mexico
7,2,58,Mexico
6,1,34,Mexico
4,1,36,Mexico
10,2,48,Mexico
5,2,35,Mexico
10,1,52,Mexico
9,2,22,Mexico
7,2,38,Mexico
6,1,22,Mexico
5,2,33,Mexico
7,2,19,Mexico
10,1,80,Mexico
10,2,45,Mexico
5,1,41,Mexico
8,2,37,Mexico
8,2,19,Mexico
8,1,21,Mexico
8,2,45,Mexico
7,2,35,Mexico
8,1,43,Mexico
8,1,48,Mexico
8,2,33,Mexico
8,2,49,Mexico
8,2,42,Mexico
7,2,23,Mexico
8,1,33,Mexico
8,1,24,Mexico
7,2,37,Mexico
8,1,41,Mexico
10,2,52,Mexico
10,2,49,Mexico
8,1,34,Mexico
7,2,29,Mexico
8,2,20,Mexico
8,2,63,Mexico
8,2,22,Mexico
8,1,22,Mexico
7,2,47,Mexico
8,1,24,Mexico
8,1,55,Mexico
7,1,23,Mexico
10,1,33,Mexico
7,2,35,Mexico
8,1,41,Mexico
10,2,18,Mexico
5,2,58,Mexico
10,1,20,Mexico
8,1,21,Mexico
8,2,38,Mexico
8,1,31,Mexico
6,2,74,Mexico
4,1,41,Mexico
7,1,46,Mexico
5,1,54,Mexico
7,2,50,Mexico
10,2,59,Mexico
9,2,74,Mexico
8,2,22,Mexico
6,1,43,Mexico
5,1,18,Mexico
5,2,35,Mexico
6,1,52,Mexico
8,2,28,Mexico
8,1,30,Mexico
8,1,30,Mexico
8,1,56,Mexico
8,1,58,Mexico
10,2,59,Mexico
5,1,69,Mexico
7,1,27,Mexico
8,2,40,Mexico
10,1,70,Mexico
8,1,50,Mexico
10,2,63,Mexico
6,2,37,Mexico
9,2,58,Mexico
8,1,74,Mexico
5,1,39,Mexico
7,1,56,Mexico
8,1,60,Mexico
9,2,30,Mexico
7,1,43,Mexico
10,1,22,Mexico
8,1,70,Mexico
9,1,42,Mexico
9,2,32,Mexico
10,2,26,Mexico
9,1,19,Mexico
10,1,70,Mexico
8,1,24,Mexico
9,1,28,Mexico
7,2,45,Mexico
8,2,31,Mexico
8,1,23,Mexico
8,1,18,Mexico
8,1,24,Mexico
7,1,22,Mexico
7,2,45,Mexico
7,1,21,Mexico
8,2,42,Mexico
7,1,18,Mexico
8,2,32,Mexico
8,2,29,Mexico
5,2,48,Mexico
9,1,26,Mexico
10,2,50,Mexico
7,2,29,Mexico
7,1,26,Mexico
7,2,21,Mexico
9,2,28,Mexico
8,2,28,Mexico
9,2,36,Mexico
5,1,21,Mexico
5,1,48,Mexico
7,2,56,Mexico
8,2,68,Mexico
10,2,55,Mexico
8,2,34,Mexico
8,2,22,Mexico
7,1,55,Mexico
9,1,56,Mexico
7,1,29,Mexico
5,1,23,Mexico
10,2,45,Mexico
1,1,46,Mexico
6,2,49,Mexico
6,2,38,Mexico
6,2,51,Mexico
3,1,68,Mexico
5,2,24,Mexico
5,2,39,Mexico
8,1,35,Mexico
10,2,29,Mexico
6,1,65,Mexico
7,1,21,Mexico
5,1,35,Mexico
9,2,40,Mexico
8,2,47,Mexico
8,2,30,Mexico
10,2,24,Mexico
7,1,28,Mexico
8,2,51,Mexico
10,2,32,Mexico
5,1,64,Mexico
9,2,26,Mexico
5,1,60,Mexico
8,2,22,Mexico
7,1,47,Mexico
9,1,22,Mexico
9,1,18,Mexico
5,2,32,Mexico
7,1,30,Mexico
4,1,58,Mexico
6,2,30,Mexico
6,2,50,Mexico
8,1,28,Mexico
9,2,53,Mexico
7,2,30,Mexico
10,2,36,Mexico
6,1,31,Mexico
9,1,25,Mexico
4,1,61,Mexico
5,1,42,Mexico
9,1,40,Mexico
6,2,24,Mexico
10,1,67,Mexico
8,1,30,Mexico
5,1,20,Mexico
7,2,45,Mexico
8,2,38,Mexico
9,1,29,Mexico
6,1,38,Mexico
9,1,33,Mexico
5,1,50,Mexico
7,2,73,Mexico
5,1,58,Mexico
8,2,43,Mexico
9,1,18,Mexico
8,2,30,Mexico
7,2,38,Mexico
10,1,62,Mexico
6,1,22,Mexico
7,1,43,Mexico
4,2,30,Mexico
3,1,48,Mexico
4,2,22,Mexico
8,2,21,Mexico
5,2,26,Mexico
7,1,33,Mexico
8,1,32,Mexico
5,2,22,Mexico
5,2,27,Mexico
5,1,39,Mexico
4,1,46,Mexico
4,2,38,Mexico
3,1,57,Mexico
7,2,24,Mexico
0,2,18,Mexico
5,1,35,Mexico
6,1,30,Mexico
8,2,50,Mexico
8,1,32,Mexico
8,2,45,Mexico
7,1,20,Mexico
7,1,23,Mexico
8,1,45,Mexico
5,2,40,Mexico
6,1,39,Mexico
6,2,50,Mexico
7,2,25,Mexico
7,2,34,Mexico
1,1,62,Mexico
4,1,60,Mexico
10,2,43,Mexico
4,2,20,Mexico
2,1,72,Mexico
7,2,30,Mexico
9,2,18,Mexico
8,1,46,Mexico
10,2,54,Mexico
5,2,36,Mexico
9,2,21,Mexico
8,1,36,Mexico
7,2,54,Mexico
8,1,51,Mexico
8,1,36,Mexico
10,2,42,Mexico
9,1,43,Mexico
9,2,29,Mexico
9,1,32,Mexico
7,2,42,Mexico
6,1,53,Mexico
8,1,33,Mexico
5,1,63,Mexico
8,2,32,Mexico
8,2,38,Mexico
8,2,39,Mexico
8,2,26,Mexico
8,1,29,Mexico
7,2,49,Mexico
7,1,58,Mexico
8,1,68,Mexico
7,2,58,Mexico
5,2,26,Mexico
2,2,52,Mexico
6,2,32,Mexico
7,1,28,Mexico
9,1,47,Mexico
8,2,39,Mexico
9,2,45,Mexico
8,2,37,Mexico
7,1,41,Mexico
9,1,38,Mexico
6,2,27,Mexico
9,1,30,Mexico
6,1,24,Mexico
6,2,39,Mexico
5,2,41,Mexico
7,1,36,Mexico
4,1,34,Mexico
6,2,32,Mexico
2,2,24,Mexico
5,1,43,Mexico
4,1,40,Mexico
7,1,24,Mexico
5,1,28,Mexico
7,2,23,Mexico
8,1,35,Mexico
5,2,38,Mexico
7,2,20,Mexico
8,1,40,Mexico
8,1,24,Mexico
8,2,26,Mexico
5,2,68,Mexico
4,2,56,Mexico
5,1,42,Mexico
10,1,52,Mexico
7,2,19,Mexico
8,1,33,Mexico
8,2,61,Mexico
8,2,18,Mexico
8,2,47,Mexico
4,1,32,Mexico
6,1,36,Mexico
7,1,60,Mexico
8,2,28,Mexico
6,1,39,Mexico
5,1,22,Mexico
6,1,60,Mexico
5,2,68,Mexico
5,1,49,Mexico
8,2,54,Mexico
5,2,37,Mexico
7,1,20,Mexico
5,1,42,Mexico
3,2,60,Mexico
3,1,65,Mexico
3,1,40,Mexico
5,1,29,Mexico
5,2,19,Mexico
6,1,36,Mexico
5,1,32,Mexico
6,1,28,Mexico
6,1,28,Mexico
7,2,27,Mexico
3,2,45,Mexico
7,2,52,Mexico
4,1,31,Mexico
5,1,39,Mexico
4,2,29,Mexico
8,1,22,Mexico
3,1,67,Mexico
5,2,52,Mexico
5,1,41,Mexico
8,1,32,Mexico
6,2,24,Mexico
5,2,70,Mexico
6,1,18,Mexico
4,1,51,Mexico
3,1,46,Mexico
8,1,34,Mexico
8,1,24,Mexico
8,2,23,Mexico
10,2,21,Mexico
6,1,42,Mexico
5,1,29,Mexico
7,2,73,Mexico
5,1,53,Mexico
5,2,36,Mexico
5,2,24,Mexico
4,1,46,Mexico
6,1,40,Mexico
6,2,40,Mexico
8,2,31,Mexico
5,1,37,Mexico
5,2,19,Mexico
6,2,48,Mexico
4,2,50,Mexico
9,2,50,Mexico
8,1,60,Mexico
9,2,43,Mexico
8,1,34,Mexico
7,2,34,Mexico
8,1,27,Mexico
7,1,53,Mexico
8,2,46,Mexico
10,2,31,Mexico
9,1,39,Mexico
10,2,51,Mexico
5,1,68,Mexico
9,1,39,Mexico
7,1,33,Mexico
9,1,47,Mexico
4,1,25,Mexico
3,2,39,Mexico
8,2,59,Mexico
9,2,34,Mexico
7,2,44,Mexico
7,2,30,Mexico
10,2,43,Mexico
8,2,20,Mexico
8,1,22,Mexico
10,1,22,Mexico
3,1,30,Mexico
9,2,34,Mexico
9,2,52,Mexico
7,1,28,Mexico
3,1,56,Mexico
8,2,56,Mexico
10,1,42,Mexico
8,1,33,Mexico
6,1,64,Mexico
9,1,71,Mexico
7,2,34,Mexico
3,1,70,Mexico
8,2,49,Mexico
10,1,23,Mexico
8,2,40,Mexico
8,1,30,Mexico
7,1,39,Mexico
8,1,27,Mexico
6,2,22,Mexico
7,2,19,Mexico
7,2,44,Mexico
5,1,49,Mexico
8,1,40,Mexico
8,2,30,Mexico
5,2,29,Mexico
6,2,23,Mexico
8,1,53,Mexico
5,1,48,Mexico
7,2,20,Mexico
6,2,50,Mexico
6,1,27,Mexico
7,2,35,Mexico
7,2,36,Mexico
7,1,33,Mexico
6,1,24,Mexico
6,2,28,Mexico
5,1,47,Mexico
5,1,30,Mexico
7,2,47,Mexico
7,2,36,Mexico
7,2,30,Mexico
9,2,26,Mexico
7,2,29,Mexico
5,1,50,Mexico
8,1,43,Mexico
8,1,39,Mexico
8,2,32,Mexico
6,1,58,Mexico
7,1,48,Mexico
8,2,37,Mexico
6,1,47,Mexico
4,2,32,Mexico
6,1,23,Mexico
8,1,29,Mexico
8,2,29,Mexico
5,2,23,Mexico
10,2,25,Mexico
8,1,52,Mexico
8,2,28,Mexico
5,1,38,Mexico
8,1,55,Mexico
8,1,35,Mexico
8,1,21,Mexico
5,2,36,Mexico
8,2,25,Mexico
4,1,44,Mexico
8,2,71,Mexico
6,1,23,Mexico
8,2,35,Mexico
9,1,37,Mexico
7,2,50,Mexico
6,1,68,Mexico
8,1,40,Mexico
8,2,55,Mexico
9,2,30,Mexico
8,1,33,Mexico
5,1,43,Mexico
7,2,37,Mexico
5,2,25,Mexico
10,2,27,Mexico
5,1,33,Mexico
5,1,37,Mexico
6,2,21,Mexico
5,2,47,Mexico
10,1,25,Mexico
6,1,29,Mexico
4,1,36,Mexico
7,2,41,Mexico
10,2,23,Mexico
10,1,39,Mexico
2,2,42,Mexico
6,2,33,Mexico
5,1,56,Mexico
8,2,19,Mexico
5,1,49,Mexico
8,1,30,Mexico
9,2,52,Mexico
9,1,60,Mexico
9,2,56,Mexico
10,1,58,Mexico
5,2,25,Mexico
6,2,44,Mexico
7,1,18,Mexico
7,2,29,Mexico
4,1,43,Mexico
8,1,38,Mexico
10,1,35,Mexico
9,1,47,Mexico
9,2,20,Mexico
9,2,65,Mexico
8,1,63,Mexico
4,1,32,Mexico
5,1,37,Mexico
3,2,53,Mexico
6,1,28,Mexico
3,2,36,Mexico
5,2,68,Mexico
5,1,23,Mexico
6,2,27,Mexico
4,1,49,Mexico
6,1,36,Mexico
4,1,25,Mexico
6,1,20,Mexico
5,2,38,Mexico
4,1,49,Mexico
5,1,36,Mexico
5,2,22,Mexico
5,1,28,Mexico
6,1,35,Mexico
7,2,47,Mexico
5,2,50,Mexico
4,1,36,Mexico
5,2,29,Mexico
3,2,18,Mexico
3,1,27,Mexico
3,1,24,Mexico
4,2,22,Mexico
4,2,18,Mexico
7,1,19,Mexico
4,2,47,Mexico
6,1,46,Mexico
6,2,23,Mexico
4,1,47,Mexico
6,2,47,Mexico
4,1,18,Mexico
5,1,99,Mexico
1,2,26,Mexico
4,1,29,Mexico
3,2,48,Mexico
4,2,29,Mexico
4,1,27,Mexico
2,1,43,Mexico
3,1,28,Mexico
7,2,53,Mexico
8,1,28,Mexico
10,2,23,Mexico
5,1,26,Mexico
10,1,47,Mexico
5,1,51,Mexico
5,1,32,Mexico
0,2,20,Mexico
3,1,54,Mexico
8,2,24,Mexico
6,1,33,Mexico
6,1,50,Mexico
10,2,38,Mexico
9,2,33,Mexico
8,2,18,Mexico
4,2,40,Mexico
5,1,61,Mexico
5,2,19,Mexico
8,2,34,Mexico
10,2,32,Mexico
5,2,46,Mexico
10,2,49,Mexico
10,1,45,Mexico
10,1,37,Mexico
8,1,42,Mexico
3,1,34,Mexico
8,1,19,Mexico
5,2,18,Mexico
8,2,31,Mexico
5,2,21,Mexico
10,2,27,Mexico
5,1,51,Mexico
0,1,45,Mexico
10,2,50,Mexico
6,1,18,Mexico
5,1,51,Mexico
7,2,63,Mexico
6,1,36,Mexico
7,1,20,Mexico
8,2,47,Mexico
5,2,21,Mexico
6,2,47,Mexico
8,1,24,Mexico
5,1,36,Mexico
8,2,53,Mexico
5,1,63,Mexico
3,2,30,Mexico
3,2,33,Mexico
5,2,25,Mexico
1,1,72,Mexico
7,2,37,Mexico
8,1,27,Mexico
8,1,19,Mexico
8,1,21,Mexico
4,2,33,Mexico
7,1,18,Mexico
6,2,37,Mexico
6,1,24,Mexico
6,1,76,Mexico
10,2,35,Mexico
9,1,25,Mexico
7,2,38,Mexico
0,2,45,Mexico
5,1,35,Mexico
9,1,21,Mexico
8,1,18,Mexico
5,2,42,Mexico
4,2,32,Mexico
10,2,30,Mexico
5,1,66,Mexico
6,2,23,Mexico
8,1,19,Mexico
3,1,27,Mexico
4,2,21,Mexico
5,2,26,Mexico
4,1,33,Mexico
8,1,60,Mexico
8,1,57,Mexico
7,1,36,Mexico
7,1,51,Mexico
0,2,27,Mexico
8,2,62,Mexico
10,2,42,Mexico
7,2,35,Mexico
8,1,48,Mexico
5,2,31,Mexico
10,2,35,Mexico
6,1,66,Mexico
7,2,41,Mexico
7,2,57,Mexico
6,1,58,Mexico
8,1,20,Mexico
10,2,52,Mexico
10,2,26,Mexico
5,2,52,Mexico
8,2,35,Mexico
8,1,60,Mexico
7,2,48,Mexico
7,2,70,Mexico
5,2,33,Mexico
6,2,31,Mexico
1,2,27,Mexico
7,1,32,Mexico
4,1,23,Mexico
6,2,38,Mexico
4,2,33,Mexico
9,2,46,Mexico
10,1,22,Mexico
6,2,28,Mexico
0,2,99,Mexico
5,2,28,Mexico
6,1,21,Mexico
6,2,52,Mexico
4,1,31,Mexico
5,2,18,Mexico
3,1,49,Mexico
6,2,18,Mexico
5,1,28,Mexico
5,2,44,Mexico
8,1,49,Mexico
6,1,42,Mexico
7,2,43,Mexico
7,2,23,Mexico
5,1,44,Mexico
5,1,18,Mexico
5,2,37,Mexico
7,1,24,Mexico
5,2,73,Mexico
6,1,65,Mexico
6,2,36,Mexico
2,1,28,Mexico
8,2,99,Mexico
6,2,29,Mexico
8,2,38,Mexico
10,2,47,Mexico
10,1,38,Mexico
10,2,33,Mexico
7,2,25,Mexico
5,1,27,Mexico
10,1,87,Mexico
10,1,43,Mexico
9,1,56,Mexico
8,2,45,Mexico
8,1,77,Mexico
7,1,24,Mexico
8,2,74,Mexico
8,2,33,Mexico
8,1,63,Mexico
10,1,19,Mexico
8,2,27,Mexico
10,1,55,Mexico
6,1,34,Mexico
4,2,33,Mexico
5,2,44,Mexico
5,1,41,Mexico
7,1,67,Mexico
5,2,65,Mexico
7,1,30,Mexico
9,2,26,Mexico
9,2,32,Mexico
8,1,40,Mexico
4,2,28,Mexico
5,2,78,Mexico
4,1,20,Mexico
5,2,23,Mexico
6,1,30,Mexico
8,2,35,Mexico
0,2,50,Mexico
6,2,25,Mexico
7,1,61,Mexico
8,1,29,Mexico
6,2,23,Mexico
5,2,33,Mexico
10,1,64,Mexico
5,1,36,Mexico
8,2,24,Mexico
5,1,65,Mexico
7,2,47,Mexico
4,2,43,Mexico
3,2,52,Mexico
7,1,87,Mexico
5,1,45,Mexico
6,1,40,Mexico
7,1,43,Mexico
7,2,35,Mexico
7,2,18,Mexico
10,1,38,Mexico
9,2,32,Mexico
9,1,31,Mexico
5,2,35,Mexico
8,1,57,Mexico
6,1,26,Mexico
7,2,40,Mexico
9,2,48,Mexico
7,1,54,Mexico
9,1,50,Mexico
5,2,39,Mexico
6,2,41,Mexico
1,1,47,Mexico
6,1,62,Mexico
9,1,66,Mexico
10,2,23,Mexico
7,1,60,Mexico
7,1,42,Mexico
0,1,50,Mexico
7,1,59,Mexico
6,1,49,Mexico
3,2,42,Mexico
10,1,43,Mexico
10,2,50,Mexico
8,2,49,Mexico
10,2,54,US
6,2,45,US
7,1,18,US
9,2,63,US
8,1,43,US
7,1,44,US
7,1,36,US
10,2,75,US
8,2,52,US
8,1,28,US
8,2,67,US
7,2,74,US
10,2,61,US
8,2,49,US
7,1,43,US
8,2,73,US
9,1,51,US
9,1,59,US
4,1,22,US
7,1,52,US
6,2,44,US
9,1,65,US
9,2,60,US
10,1,59,US
8,1,26,US
2,1,54,US
7,1,18,US
5,1,32,US
0,2,30,US
10,2,74,US
7,2,36,US
7,1,71,US
7,1,75,US
8,1,49,US
6,2,72,US
1,2,54,US
5,1,71,US
8,1,18,US
8,2,44,US
7,1,36,US
8,1,50,US
6,2,43,US
9,1,76,US
9,2,58,US
8,2,59,US
8,1,25,US
8,1,18,US
5,1,65,US
8,2,80,US
8,1,68,US
5,1,97,US
5,1,49,US
4,2,83,US
8,1,59,US
8,1,45,US
9,1,99,US
8,1,80,US
8,2,40,US
8,1,45,US
9,2,39,US
8,2,41,US
6,1,50,US
7,1,45,US
8,2,37,US
7,1,25,US
5,1,27,US
7,1,50,US
8,2,50,US
7,2,44,US
7,1,27,US
6,1,59,US
9,1,30,US
8,1,50,US
7,1,31,US
3,2,44,US
8,2,40,US
10,2,23,US
8,2,42,US
6,1,56,US
8,1,77,US
8,2,38,US
5,2,20,US
8,1,35,US
5,1,23,US
3,2,43,US
7,1,67,US
8,2,56,US
7,2,54,US
5,2,38,US
7,2,53,US
7,1,40,US
8,2,42,US
5,1,21,US
9,1,19,US
8,1,42,US
6,2,33,US
7,1,60,US
5,2,51,US
8,1,50,US
7,1,41,US
7,1,48,US
8,1,34,US
5,2,28,US
5,2,81,US
5,2,44,US
5,1,46,US
7,1,55,US
5,2,60,US
8,2,55,US
7,2,43,US
7,1,32,US
5,2,99,US
8,2,39,US
7,1,33,US
5,2,86,US
8,1,65,US
10,2,18,US
6,2,59,US
8,2,60,US
8,2,30,US
8,2,66,US
9,2,98,US
6,1,35,US
4,2,38,US
8,2,44,US
5,1,33,US
10,2,68,US
7,1,46,US
7,2,67,US
8,1,50,US
5,1,79,US
8,1,76,US
7,1,54,US
6,2,43,US
8,2,25,US
5,2,85,US
8,1,26,US
8,2,43,US
6,1,31,US
5,2,69,US
9,2,44,US
9,1,63,US
9,2,43,US
5,2,58,US
8,1,57,US
5,2,57,US
7,2,53,US
6,1,33,US
6,2,23,US
5,2,74,US
8,1,30,US
8,2,25,US
10,2,44,US
8,2,49,US
8,1,51,US
5,1,31,US
8,2,70,US
8,2,70,US
8,2,34,US
7,2,52,US
4,1,99,US
6,1,46,US
10,2,64,US
8,2,26,US
8,1,60,US
5,1,55,US
7,1,59,US
7,2,78,US
9,2,31,US
8,2,26,US
9,2,45,US
7,2,20,US
8,1,19,US
8,2,29,US
5,1,45,US
8,2,75,US
7,2,38,US
5,2,45,US
10,2,81,US
7,2,28,US
9,1,55,US
10,2,88,US
8,1,62,US
8,1,79,US
5,2,29,US
7,2,47,US
4,2,38,US
10,1,82,US
9,1,51,US
8,2,37,US
5,2,30,US
8,2,47,US
9,2,35,US
8,2,72,US
4,1,57,US
8,2,75,US
8,2,61,US
7,2,28,US
6,1,75,US
4,1,24,US
7,2,37,US
10,2,49,US
6,1,19,US
9,1,18,US
8,1,44,US
7,1,26,US
5,1,65,US
10,2,58,US
9,2,59,US
10,2,24,US
7,2,29,US
5,1,53,US
6,2,46,US
6,2,28,US
8,1,38,US
8,2,99,US
10,1,59,US
8,2,22,US
6,2,46,US
7,1,31,US
10,1,29,US
10,2,62,US
7,1,38,US
8,2,68,US
9,2,28,US
8,2,25,US
10,2,75,US
8,2,40,US
10,2,57,US
6,2,28,US
8,2,57,US
5,2,75,US
6,2,48,US
10,2,74,US
6,2,75,US
7,2,57,US
9,2,75,US
7,1,41,US
4,2,26,US
7,1,36,US
7,2,32,US
5,1,39,US
7,2,60,US
10,2,59,US
6,2,47,US
7,1,41,US
8,2,28,US
7,2,33,US
7,1,56,US
7,2,45,US
3,1,26,US
7,1,20,US
10,1,63,US
7,2,19,US
8,2,43,US
7,1,51,US
10,2,60,US
10,2,18,US
8,2,40,US
5,1,45,US
8,1,99,US
6,1,69,US
8,2,41,US
7,1,69,US
6,1,31,US
8,1,81,US
7,1,71,US
5,2,50,US
5,2,59,US
6,2,45,US
7,1,41,US
5,2,24,US
8,1,21,US
5,2,55,US
7,1,43,US
7,1,22,US
8,2,19,US
7,1,61,US
2,2,25,US
5,1,64,US
8,2,73,US
7,2,39,US
4,1,47,US
8,1,51,US
5,2,46,US
6,2,39,US
7,2,46,US
7,1,35,US
5,1,35,US
5,1,74,US
8,1,78,US
10,2,64,US
7,2,32,US
5,1,59,US
9,2,68,US
6,2,41,US
6,1,19,US
3,2,56,US
8,2,22,US
10,1,64,US
7,2,21,US
7,1,51,US
7,2,33,US
5,1,48,US
5,2,61,US
7,1,58,US
8,2,56,US
6,1,40,US
6,2,69,US
6,2,57,US
7,2,63,US
6,2,70,US
8,1,21,US
8,1,52,US
5,2,30,US
4,2,46,US
8,2,65,US
9,2,56,US
5,1,42,US
8,1,32,US
8,1,60,US
5,2,41,US
8,2,50,US
3,1,54,US
3,1,40,US
5,2,65,US
8,2,45,US
6,2,25,US
8,2,50,US
7,2,23,US
6,2,51,US
5,2,40,US
6,1,48,US
8,2,80,US
6,2,43,US
7,1,26,US
0,1,43,US
5,2,32,US
5,2,42,US
6,1,36,US
7,2,40,US
8,2,22,US
8,1,22,US
10,2,23,US
5,2,36,US
8,1,49,US
8,2,37,US
7,2,65,US
4,2,34,US
2,1,46,US
8,2,41,US
6,1,18,US
5,1,73,US
7,1,43,US
7,1,58,US
8,1,39,US
6,1,25,US
10,2,40,US
6,1,20,US
8,1,52,US
10,2,71,US
0,2,76,US
5,1,19,US
5,1,30,US
6,2,36,US
2,1,64,US
8,1,25,US
7,2,35,US
7,1,43,US
6,1,59,US
7,2,33,US
4,2,98,US
8,1,18,US
6,2,25,US
10,1,72,US
8,1,45,US
8,2,32,US
10,2,59,US
3,1,33,US
10,1,51,US
7,2,51,US
5,1,18,US
7,2,40,US
8,2,54,US
5,1,48,US
7,2,62,US
7,1,77,US
8,2,40,US
7,2,28,US
7,2,56,US
6,1,45,US
8,1,34,US
8,2,38,US
7,2,73,US
8,2,83,US
0,1,48,US
8,1,49,US
7,2,41,US
7,2,47,US
8,2,42,US
8,1,23,US
8,2,50,US
9,1,38,US
7,1,28,US
8,2,28,US
7,1,28,US
5,2,69,US
8,1,32,US
5,2,46,US
6,2,59,US
8,1,39,US
9,2,77,US
6,2,43,US
7,2,24,US
9,1,52,US
7,2,28,US
5,1,51,US
5,2,29,US
10,1,30,US
9,1,69,US
5,2,37,US
9,2,44,US
5,1,60,US
8,1,41,US
9,2,44,US
5,1,33,US
8,2,50,US
9,2,53,US
9,1,51,US
7,1,53,US
9,1,51,US
0,2,43,US
6,2,21,US
9,1,70,US
6,1,24,US
7,2,60,US
3,1,73,US
6,1,45,US
8,2,98,US
8,2,50,US
0,2,59,US
8,1,50,US
8,2,55,US
8,2,42,US
10,2,60,US
7,2,36,US
8,2,59,US
5,1,50,US
5,2,76,US
7,1,54,US
8,1,44,US
6,2,50,US
6,1,42,US
9,1,47,US
5,1,48,US
5,2,60,US
4,2,50,US
6,2,67,US
7,2,52,US
10,2,18,US
8,2,62,US
8,2,74,US
10,2,70,US
6,2,48,US
7,2,40,US
7,1,70,US
10,1,30,US
7,2,44,US
9,2,41,US
5,1,64,US
7,2,35,US
9,2,99,US
8,2,26,US
9,2,35,US
5,2,46,US
7,2,53,US
7,1,56,US
8,2,27,US
7,2,47,US
6,2,74,US
8,2,39,US
10,2,83,US
9,1,66,US
7,1,53,US
7,1,76,US
8,2,50,US
7,1,20,US
9,1,99,US
6,2,20,US
8,1,67,US
5,1,27,US
8,1,66,US
9,2,59,US
8,2,49,US
5,1,70,US
5,1,36,US
10,2,39,US
6,1,31,US
9,1,23,US
7,2,48,US
8,1,38,US
7,2,54,US
5,2,24,US
7,2,19,US
5,1,68,US
8,1,21,US
9,2,49,US
5,1,44,US
10,1,25,US
5,2,25,US
5,1,32,US
7,2,33,US
5,2,23,US
8,2,49,US
8,2,43,US
6,2,38,US
4,1,99,US
5,2,37,US
10,1,76,US
0,1,27,US
8,1,56,US
8,2,38,US
7,2,28,US
6,1,52,US
10,2,72,US
8,2,45,US
8,1,48,US
7,2,45,US
7,2,27,US
7,1,46,US
7,2,41,US
8,2,50,US
7,2,62,US
6,2,52,US
8,2,51,US
7,1,53,US
0,2,43,US
9,1,51,US
5,2,54,US
8,1,43,US
6,1,22,US
7,2,44,US
8,1,79,US
8,2,23,US
9,1,19,US
10,2,27,US
8,1,65,US
8,2,77,US
10,2,43,US
8,2,37,US
9,2,54,US
5,2,57,US
9,2,27,US
5,2,23,US
8,2,19,US
8,2,24,US
8,1,30,US
6,2,20,US
8,2,18,US
6,2,37,US
8,2,49,US
8,2,51,US
5,1,23,US
8,1,63,US
9,1,40,US
8,2,36,US
5,2,23,US
9,2,35,US
8,2,67,US
7,2,47,US
10,1,67,US
0,2,88,US
8,2,81,US
5,2,75,US
8,1,61,US
8,2,50,US
9,1,61,US
7,1,18,US
3,2,81,US
6,1,45,US
10,1,20,US
5,2,28,US
8,1,56,US
9,2,36,US
8,2,37,US
8,1,41,US
7,2,52,US
7,1,42,US
10,2,48,US
5,1,43,US
6,2,40,US
8,2,60,US
6,1,37,US
5,2,49,US
8,1,47,US
8,1,40,US
7,1,99,US
7,2,65,US
7,2,40,US
9,2,39,US
8,2,39,US
9,2,60,US
10,1,42,US
8,1,44,US
10,2,73,US
7,2,28,US
4,2,27,US
7,2,49,US
8,2,48,US
8,2,38,US
5,2,99,US
8,1,52,US
5,1,28,US
2,2,48,US
6,1,21,US
9,2,43,US
8,1,20,US
7,2,35,US
6,2,23,US
7,2,31,US
8,2,47,US
9,1,39,US
10,2,99,US
7,1,21,US
10,2,40,US
8,1,55,US
6,1,38,US
7,1,46,US
7,2,41,US
10,1,27,US
7,2,18,US
8,2,40,US
8,2,70,US
8,1,18,US
7,1,28,US
8,1,26,US
5,2,28,US
5,1,60,US
7,1,21,US
5,2,46,US
9,2,65,US
8,1,59,US
7,1,73,US
9,2,31,US
4,1,59,US
6,2,37,US
6,1,26,US
8,1,36,US
8,1,55,US
4,2,55,US
8,1,42,US
9,2,21,US
7,1,33,US
8,2,24,US
4,1,61,US
8,1,24,US
7,2,45,US
0,1,43,US
5,2,23,US
10,2,45,US
8,2,22,US
8,2,47,US
8,1,18,US
6,2,29,US
7,2,27,US
8,1,35,US
8,2,23,US
9,1,44,US
8,1,45,US
8,2,26,US
5,1,33,US
8,1,28,US
8,2,31,US
6,2,25,US
8,2,28,US
8,1,32,US
7,1,25,US
7,2,63,US
7,2,50,US
7,2,50,US
5,1,73,US
7,2,40,US
7,2,26,US
7,2,27,US
5,2,77,US
7,1,30,US
10,2,29,US
3,1,63,US
5,2,20,US
7,2,36,US
9,1,36,US
6,2,64,US
7,1,42,US
8,2,71,US
6,1,39,US
7,2,20,US
8,2,29,US
9,2,76,US
8,2,29,US
7,1,55,US
10,2,93,US
0,2,34,US
8,2,70,US
8,1,84,US
7,1,41,US
5,2,99,US
7,1,58,US
8,1,43,US
8,2,41,US
5,2,44,US
9,2,30,US
8,1,59,US
7,2,34,US
7,2,82,US
7,2,80,US
7,2,25,US
5,2,41,US
8,1,75,US
9,1,57,US
9,2,34,US
7,2,67,US
8,2,43,US
5,1,67,US
7,2,37,US
7,1,23,US
7,1,22,US
4,1,45,US
9,1,19,US
8,2,57,US
9,2,70,US
8,2,31,US
7,1,32,US
7,1,31,US
7,2,54,US
7,1,56,US
9,2,20,US
10,2,65,US
4,1,39,US
6,2,64,US
7,1,34,US
6,1,28,US
6,1,26,US
7,2,19,US
9,2,66,US
4,1,63,US
8,1,99,US
10,2,68,US
8,2,79,US
8,1,35,US
9,2,39,US
8,2,44,US
7,2,44,US
10,1,67,US
10,2,52,US
8,2,19,US
5,2,20,US
3,2,22,US
8,1,67,US
4,2,43,US
7,1,25,US
9,2,27,US
9,2,75,US
6,2,31,US
6,2,88,US
7,2,44,US
5,1,44,US
8,2,75,US
4,2,49,US
10,2,53,US
5,2,50,US
8,1,68,US
10,2,47,US
5,1,52,US
9,2,48,US
3,1,46,US
5,2,68,US
5,1,36,US
5,2,59,US
8,1,99,US
5,2,55,US
6,1,76,US
8,1,74,US
10,2,69,US
10,1,39,US
6,1,34,US
10,2,48,US
6,2,42,US
6,2,36,US
10,2,32,US
10,1,36,US
7,2,20,US
8,2,43,US
5,1,27,US
10,1,24,US
7,1,46,US
8,2,57,US
8,2,53,US
10,2,61,US
7,2,46,US
5,1,46,US
8,2,59,US
8,2,76,US
9,2,51,US
8,2,38,US
5,1,34,US
8,2,56,US
5,1,45,US
7,1,44,US
7,1,22,US
5,2,46,US
5,1,59,US
5,1,50,US
8,1,35,US
7,1,85,US
5,2,41,US
8,2,56,US
5,2,34,US
8,1,43,US
5,2,22,US
7,1,28,US
5,2,69,US
7,2,27,US
8,2,60,US
7,2,27,US
10,2,76,US
5,1,77,US
7,2,54,US
8,1,38,US
6,2,22,US
5,1,48,US
8,2,42,US
6,1,38,US
8,1,31,US
7,1,34,US
3,1,26,US
8,2,34,US
8,2,85,US
9,2,48,US
7,1,51,US
8,1,33,US
7,2,27,US
7,1,37,US
10,2,29,US
10,2,34,US
5,2,39,US
10,2,61,US
5,2,78,US
9,1,59,US
7,1,28,US
10,2,41,US
4,1,19,US
7,1,21,US
8,1,29,US
5,2,75,US
5,1,42,US
6,1,26,US
7,2,29,US
8,2,47,US
9,1,23,US
6,1,56,US
8,1,29,US
8,2,46,US
8,2,22,US
7,2,33,US
6,1,53,US
6,1,33,US
7,2,55,US
8,1,40,US
8,1,50,US
6,1,26,US
7,2,41,US
7,1,40,US
5,1,49,US
2,1,31,US
8,1,52,US
7,2,45,US
5,2,43,US
7,1,44,US
8,2,29,US
8,1,65,US
5,1,28,US
8,1,35,US
8,2,62,US
7,2,27,US
10,1,65,US
8,1,52,US
6,2,46,US
8,1,48,US
8,2,58,US
8,2,38,US
10,2,50,US
8,2,47,US
8,1,62,US
8,1,45,US
7,1,21,US
8,2,75,US
8,1,47,US
7,1,19,US
5,1,32,US
7,2,55,US
8,2,44,US
10,1,61,US
7,2,28,US
5,1,19,US
8,2,66,US
9,1,22,US
6,2,42,US
5,1,99,US
10,2,47,US
7,2,59,US
5,1,29,US
3,2,35,US
8,2,59,US
5,1,41,US
5,1,66,US
8,1,54,US
5,2,32,US
5,2,70,US
5,1,33,US
8,1,39,US
0,1,50,US
9,2,58,US
5,1,35,US
9,1,59,US
8,2,51,US
7,1,48,US
8,2,42,US
10,2,41,US
8,2,39,US
6,1,22,US
5,1,84,US
8,2,42,US
6,2,70,US
5,1,82,US
8,1,23,US
8,2,51,US
8,1,68,US
8,1,28,US
8,2,77,US
6,1,39,US
8,1,18,US
7,1,31,US
10,1,75,US
5,1,24,US
7,2,51,US
8,2,64,US
9,2,56,US
8,2,41,US
7,2,34,US
4,2,41,US
7,2,66,US
8,2,50,US
5,1,19,US
8,1,40,US
9,2,71,US
0,2,44,US
7,1,57,US
7,1,27,US
7,2,75,US
7,1,19,US
8,2,21,US
10,1,24,US
7,1,83,US
9,1,60,US
7,2,32,US
8,2,70,US
7,2,55,US
6,2,33,US
10,2,58,US
8,2,51,US
3,2,26,US
9,2,50,US
4,2,53,US
5,1,60,US
7,1,51,US
7,2,75,US
7,2,35,US
5,2,65,US
4,2,43,US
5,1,37,US
8,2,42,US
10,1,36,US
2,1,65,US
7,2,23,US
5,1,75,US
8,1,46,US
6,2,26,US
5,2,99,US
7,1,48,US
7,2,39,US
8,1,43,US
10,1,18,US
4,2,50,US
7,2,55,US
6,2,64,US
10,1,23,US
8,1,73,US
8,1,18,US
8,2,40,US
7,1,37,US
8,1,21,US
10,1,32,US
7,1,69,US
8,1,74,US
7,1,30,US
8,2,39,US
10,2,38,US
7,2,30,US
5,2,53,US
7,1,19,US
9,2,79,US
8,2,43,US
8,1,88,US
5,2,51,US
9,2,78,US
10,2,73,US
8,2,51,US
7,2,75,US
8,1,59,US
8,1,38,US
10,2,65,US
6,2,66,US
7,1,58,US
3,1,66,US
10,1,54,US
6,2,24,US
6,1,32,US
6,1,58,US
8,1,25,US
4,1,29,US
8,2,64,US
5,1,57,US
5,1,40,US
9,1,62,US
5,2,75,US
10,2,83,US
6,2,39,US
7,2,66,US
8,1,69,US
7,2,46,US
5,2,32,US
7,1,57,US
8,1,53,US
7,2,41,US
6,1,28,US
8,1,57,US
8,2,64,US
8,2,47,US
8,2,26,US
10,2,52,US
0,1,80,US
8,2,38,US
8,2,27,US
6,2,40,US
4,2,19,US
7,1,47,US
6,1,52,US
8,1,39,US
7,2,52,US
5,2,43,US
8,2,28,US
5,2,51,US
7,1,45,US
7,2,37,US
7,2,70,US
5,1,21,US
5,2,89,US
8,2,70,US
9,2,43,US
8,2,49,US
7,1,49,US
7,2,35,US
1,1,20,US
8,2,39,US
10,1,61,US
5,2,35,US
6,2,25,US
8,2,57,US
4,1,46,US
7,2,28,US
8,2,20,US
6,1,76,US
8,2,49,US
8,2,48,US
10,2,54,US
7,1,40,US
8,1,88,US
5,1,50,US
7,2,44,US
7,2,67,US
8,2,35,US
8,1,47,US
5,1,25,US
8,1,75,US
9,1,47,US
7,1,18,US
9,2,39,US
5,2,29,US
5,2,37,US
5,2,54,US
6,1,43,US
9,1,49,US
7,2,20,US
8,2,22,US
5,2,46,US
8,2,46,US
8,1,27,US
6,1,30,US
7,2,21,US
7,2,55,US
8,2,42,US
9,2,45,US
7,2,42,US
7,1,49,US
7,2,38,US
8,2,38,US
7,1,36,US
5,1,34,US
7,1,21,US
7,1,43,US
10,1,60,US
9,2,67,US
7,1,31,US
6,1,56,US
7,2,55,US
8,2,23,US
7,2,27,US
5,2,50,US
9,2,75,US
5,2,63,US
10,2,26,US
8,2,46,US
9,2,75,US
4,2,27,US
6,1,54,US
8,2,60,US
7,2,30,US
10,2,33,US
9,1,62,US
8,2,44,US
8,2,42,US
6,1,46,US
7,1,26,US
7,2,21,US
3,1,53,US
8,2,33,US
8,2,36,US
8,2,70,US
7,2,33,US
5,1,41,US
8,2,46,US
10,1,23,US
9,1,65,US
8,2,57,US
7,2,55,US
5,2,45,US
5,1,52,US
9,1,26,US
8,1,99,US
8,1,68,US
8,1,44,US
7,2,37,US
1,1,66,US
6,2,50,US
8,1,24,US
7,1,50,US
6,2,32,US
6,1,44,US
8,2,23,US
5,1,18,US
8,2,59,US
7,2,54,US
7,2,44,US
8,2,69,US
10,2,84,US
5,2,79,US
8,1,71,US
8,1,47,US
8,2,48,US
8,2,28,US
5,2,39,US
7,1,65,US
8,1,69,US
8,2,59,US
8,2,19,US
7,1,25,US
8,2,78,US
6,2,32,US
9,2,55,US
5,2,41,US
5,2,36,US
5,2,23,US
8,2,34,US
4,2,41,US
6,2,38,US
6,1,64,US
6,2,24,US
8,1,42,US
4,2,37,US
5,1,50,US
8,1,55,US
8,1,45,US
8,1,22,US
6,2,19,US
8,2,44,US
5,2,41,US
6,1,41,US
8,1,69,US
9,1,61,US
9,2,40,US
7,1,18,US
8,2,48,US
7,1,36,US
7,1,37,US
8,2,32,US
7,1,23,US
5,1,41,US
7,2,37,US
8,1,48,US
5,1,42,US
5,2,59,US
9,1,37,US
8,2,40,US
7,1,57,US
7,2,40,US
8,2,75,US
9,1,52,US
8,2,19,US
2,2,23,US
9,1,58,US
8,1,76,US
5,1,69,US
6,2,61,US
6,2,37,US
8,1,24,US
8,1,44,US
9,2,84,US
7,2,60,US
5,1,42,US
7,2,62,US
5,1,63,US
8,2,46,US
2,1,28,US
5,2,27,US
9,1,56,US
8,1,41,US
5,2,75,US
9,1,37,US
10,1,31,US
7,1,22,US
7,2,44,US
8,1,50,US
4,1,36,US
6,2,57,US
5,2,19,US
9,2,45,US
10,2,56,US
3,1,99,US
8,2,38,US
9,1,68,US
8,1,22,US
6,2,58,US
8,2,55,US
6,1,19,US
7,2,26,US
8,2,46,US
4,2,46,US
10,1,28,US
6,1,50,US
8,2,42,US
8,1,34,US
7,2,59,US
8,2,48,US
8,1,55,US
8,1,65,US
5,1,38,US
5,1,30,US
7,2,20,US
7,1,78,US
8,2,81,US
6,2,21,US
7,2,69,US
4,1,63,US
8,1,41,US
8,2,33,US
4,2,47,US
5,2,72,US
3,1,25,US
8,1,65,US
8,2,50,US
10,1,37,US
4,2,47,US
9,1,55,US
1,1,63,US
7,2,54,US
6,2,87,US
8,2,62,US
6,1,75,US
10,2,47,US
7,1,37,US
9,2,69,US
2,2,45,US
10,2,48,US
7,2,64,US
9,1,78,US
7,2,46,US
10,2,57,US
6,2,70,US
9,2,34,US
5,1,68,US
9,2,23,US
8,2,41,US
8,1,34,US
10,1,55,US
8,2,72,US
7,2,49,US
8,2,67,US
8,2,36,US
8,2,46,US
5,2,50,US
5,2,63,US
6,1,23,US
9,2,42,US
5,1,31,US
5,1,19,US
8,1,18,US
7,2,46,US
4,1,36,US
7,2,41,US
9,2,40,US
7,2,43,US
6,2,28,US
9,1,42,US
9,2,32,US
9,1,23,US
3,2,81,US
10,2,24,US
10,1,19,US
7,2,23,US
5,2,49,US
5,1,21,US
8,2,43,US
10,1,18,US
3,2,60,US
6,1,23,US
2,2,99,US
7,2,44,US
5,1,61,US
7,1,65,US
8,2,36,US
9,2,70,US
9,1,60,US
5,2,57,US
8,2,56,US
6,1,34,US
8,2,37,US
7,2,35,US
7,2,68,US
10,2,87,US
10,1,20,US
8,1,20,US
8,1,31,US
10,2,67,US
7,2,43,US
6,1,68,US
8,2,48,US
6,1,55,US
8,2,72,US
5,1,83,US
6,1,70,US
7,1,42,US
9,1,56,US
10,1,68,US
7,2,35,US
9,1,70,US
7,1,61,US
8,1,62,US
7,2,45,US
10,2,49,US
5,1,55,US
5,2,23,US
5,1,49,US
9,1,37,US
7,1,39,US
10,2,45,US
9,1,51,US
8,1,72,US
10,2,53,US
8,1,44,US
6,1,74,US
7,1,35,US
5,2,56,US
5,1,32,US
7,2,18,US
10,1,41,US
3,2,31,US
7,1,38,US
5,1,43,US
6,1,31,US
3,2,37,US
8,1,37,US
6,2,27,US
10,1,43,US
10,2,66,US
7,1,51,US
9,2,65,US
8,1,41,US
7,2,50,US
9,1,74,US
9,1,62,US
8,1,61,US
7,1,48,US
7,1,33,US
4,2,26,US
8,1,41,US
4,1,36,US
7,1,59,US
7,2,18,US
8,1,30,US
8,1,59,US
8,2,99,US
5,2,84,US
8,2,70,US
8,2,60,US
8,2,45,US
4,2,51,US
7,1,33,US
8,2,34,US
8,2,60,US
7,1,41,US
8,2,58,US
8,2,41,US
5,1,35,US
8,1,55,US
6,1,35,US
8,2,28,US
8,2,59,US
7,2,40,US
4,1,36,US
5,2,65,US
4,1,22,US
5,1,30,US
7,1,43,US
5,2,59,US
6,2,39,US
7,2,49,US
7,1,54,US
5,2,47,US
7,1,27,US
9,1,30,US
10,1,18,US
8,2,73,US
7,2,68,US
6,1,54,US
5,2,25,US
10,2,39,US
8,2,81,US
3,2,70,US
8,2,56,US
7,2,50,US
7,1,43,US
7,1,55,US
7,2,37,US
8,2,90,US
4,2,49,US
8,2,59,US
5,2,75,US
6,1,24,US
7,2,28,US
8,2,61,US
5,2,99,US
9,2,67,US
7,2,46,US
7,1,40,US
9,2,34,US
5,1,64,US
7,1,29,US
6,1,49,US
3,2,29,US
9,2,49,US
8,1,56,US
8,1,51,US
5,1,26,Egypt
10,1,23,Egypt
9,2,20,Egypt
5,1,36,Egypt
7,1,22,Egypt
5,1,27,Egypt
5,1,46,Egypt
5,2,19,Egypt
5,2,36,Egypt
6,2,19,Egypt
5,2,30,Egypt
4,2,26,Egypt
4,2,20,Egypt
6,2,20,Egypt
6,2,28,Egypt
6,1,23,Egypt
6,1,58,Egypt
1,1,35,Egypt
6,1,26,Egypt
8,1,19,Egypt
7,1,47,Egypt
8,1,27,Egypt
7,1,24,Egypt
9,1,20,Egypt
5,1,18,Egypt
6,1,25,Egypt
8,1,20,Egypt
5,2,22,Egypt
5,2,19,Egypt
7,2,40,Egypt
6,2,42,Egypt
5,2,19,Egypt
4,2,22,Egypt
7,1,24,Egypt
6,1,55,Egypt
7,1,32,Egypt
5,1,53,Egypt
7,1,26,Egypt
9,1,26,Egypt
7,2,27,Egypt
7,2,29,Egypt
7,2,40,Egypt
5,2,37,Egypt
7,2,20,Egypt
4,2,20,Egypt
7,1,19,Egypt
7,1,31,Egypt
5,1,20,Egypt
6,1,56,Egypt
6,1,31,Egypt
6,2,26,Egypt
6,2,26,Egypt
7,2,26,Egypt
6,2,29,Egypt
5,2,28,Egypt
6,2,19,Egypt
4,2,45,Egypt
8,2,24,Egypt
5,2,22,Egypt
6,2,21,Egypt
6,2,35,Egypt
6,2,23,Egypt
8,2,31,Egypt
5,2,21,Egypt
7,2,41,Egypt
6,2,44,Egypt
5,1,45,Egypt
6,1,33,Egypt
6,1,19,Egypt
5,1,25,Egypt
6,2,21,Egypt
5,2,22,Egypt
5,2,28,Egypt
5,2,22,Egypt
8,2,31,Egypt
6,2,20,Egypt
6,2,40,Egypt
6,2,20,Egypt
5,2,28,Egypt
3,2,22,Egypt
8,2,24,Egypt
6,2,50,Egypt
4,2,50,Egypt
6,2,20,Egypt
5,2,19,Egypt
5,2,26,Egypt
8,2,24,Egypt
5,2,35,Egypt
5,1,59,Egypt
9,1,35,Egypt
3,1,45,Egypt
7,1,24,Egypt
7,1,53,Egypt
6,1,35,Egypt
6,1,24,Egypt
6,1,35,Egypt
6,1,19,Egypt
7,1,44,Egypt
6,1,28,Egypt
8,1,28,Egypt
6,1,25,Egypt
5,2,50,Egypt
5,1,21,Egypt
8,1,31,Egypt
6,1,33,Egypt
6,1,20,Egypt
5,1,42,Egypt
7,1,36,Egypt
5,1,42,Egypt
6,1,43,Egypt
8,1,33,Egypt
7,1,43,Egypt
6,1,35,Egypt
5,1,18,Egypt
6,1,20,Egypt
7,1,22,Egypt
7,1,19,Egypt
8,1,35,Egypt
9,1,50,Egypt
8,1,40,Egypt
3,1,18,Egypt
10,1,35,Egypt
8,1,24,Egypt
5,2,36,Egypt
6,2,54,Egypt
8,2,35,Egypt
7,2,30,Egypt
8,2,39,Egypt
4,2,30,Egypt
5,2,30,Egypt
7,2,45,Egypt
8,2,24,Egypt
4,1,20,Egypt
5,1,52,Egypt
5,1,42,Egypt
5,1,20,Egypt
8,2,20,Egypt
5,1,28,Egypt
5,1,24,Egypt
6,2,20,Egypt
4,1,44,Egypt
5,1,28,Egypt
5,1,29,Egypt
6,2,20,Egypt
5,1,19,Egypt
7,1,26,Egypt
4,1,36,Egypt
5,1,27,Egypt
4,1,40,Egypt
10,1,34,Egypt
5,1,28,Egypt
5,1,28,Egypt
8,1,28,Egypt
8,1,27,Egypt
7,1,34,Egypt
6,1,30,Egypt
7,1,25,Egypt
7,1,34,Egypt
7,1,35,Egypt
6,1,19,Egypt
4,1,35,Egypt
4,1,40,Egypt
5,1,19,Egypt
6,2,20,Egypt
5,2,30,Egypt
9,2,29,Egypt
6,2,55,Egypt
4,2,44,Egypt
4,2,46,Egypt
7,2,25,Egypt
9,2,33,Egypt
7,1,34,Egypt
9,2,35,Egypt
5,2,19,Egypt
5,2,56,Egypt
7,2,55,Egypt
6,2,41,Egypt
6,2,26,Egypt
7,2,56,Egypt
6,2,32,Egypt
8,2,40,Egypt
7,2,28,Egypt
6,2,20,Egypt
3,2,20,Egypt
3,2,20,Egypt
7,2,20,Egypt
9,1,19,Egypt
9,1,20,Egypt
5,1,20,Egypt
6,1,46,Egypt
7,1,53,Egypt
7,1,52,Egypt
5,1,50,Egypt
8,2,22,Egypt
7,2,23,Egypt
7,2,20,Egypt
5,2,20,Egypt
5,2,19,Egypt
6,2,48,Egypt
4,2,25,Egypt
10,2,30,Egypt
10,2,30,Egypt
10,2,26,Egypt
9,2,20,Egypt
8,2,20,Egypt
6,2,19,Egypt
7,2,24,Egypt
6,2,19,Egypt
5,2,21,Egypt
5,2,18,Egypt
7,2,26,Egypt
8,2,31,Egypt
6,2,24,Egypt
8,2,20,Egypt
9,2,23,Egypt
6,2,20,Egypt
7,2,53,Egypt
6,2,42,Egypt
7,2,27,Egypt
6,2,30,Egypt
7,2,33,Egypt
6,2,30,Egypt
6,1,38,Egypt
6,1,28,Egypt
6,1,34,Egypt
7,1,30,Egypt
8,1,32,Egypt
7,1,26,Egypt
7,1,19,Egypt
9,1,23,Egypt
7,2,19,Egypt
9,1,24,Egypt
10,2,59,Egypt
8,2,48,Egypt
5,2,33,Egypt
4,1,30,Egypt
4,2,33,Egypt
9,2,33,Egypt
3,2,25,Egypt
7,2,21,Egypt
6,1,23,Egypt
4,2,27,Egypt
4,2,28,Egypt
4,2,25,Egypt
5,2,25,Egypt
6,2,25,Egypt
4,2,27,Egypt
5,2,34,Egypt
6,2,30,Egypt
6,2,51,Egypt
6,2,20,Egypt
6,2,21,Egypt
10,2,30,Egypt
8,2,59,Egypt
10,1,45,Egypt
8,2,24,Egypt
9,1,45,Egypt
3,1,26,Egypt
9,1,19,Egypt
6,1,24,Egypt
3,1,23,Egypt
6,1,30,Egypt
10,1,31,Egypt
7,1,45,Egypt
4,1,30,Egypt
7,1,19,Egypt
6,2,54,Egypt
6,2,43,Egypt
3,1,19,Egypt
7,2,19,Egypt
7,2,20,Egypt
7,2,55,Egypt
2,1,19,Egypt
3,1,20,Egypt
8,2,46,Egypt
4,2,43,Egypt
7,2,35,Egypt
9,2,36,Egypt
6,2,42,Egypt
10,2,28,Egypt
7,2,25,Egypt
7,2,30,Egypt
6,2,28,Egypt
6,2,26,Egypt
9,2,46,Egypt
9,2,49,Egypt
5,2,53,Egypt
8,2,43,Egypt
6,1,23,Egypt
4,1,18,Egypt
3,1,18,Egypt
5,1,23,Egypt
6,1,18,Egypt
8,1,21,Egypt
8,1,20,Egypt
7,1,19,Egypt
8,1,20,Egypt
9,1,23,Egypt
9,1,20,Egypt
7,2,23,Egypt
5,1,22,Egypt
4,1,20,Egypt
8,2,22,Egypt
4,2,38,Egypt
5,2,19,Egypt
5,2,22,Egypt
5,2,28,Egypt
5,2,45,Egypt
5,2,26,Egypt
7,2,42,Egypt
4,1,28,Egypt
6,1,34,Egypt
7,1,46,Egypt
8,1,55,Egypt
5,1,20,Egypt
7,1,38,Egypt
5,1,47,Egypt
6,1,26,Egypt
8,1,48,Egypt
2,1,43,Egypt
8,1,22,Egypt
3,1,35,Egypt
5,1,42,Egypt
6,1,40,Egypt
4,1,28,Egypt
5,2,27,Egypt
5,2,29,Egypt
4,1,28,Egypt
4,1,28,Egypt
4,2,19,Egypt
4,2,46,Egypt
8,1,48,Egypt
5,1,45,Egypt
5,1,43,Egypt
5,1,20,Egypt
5,2,23,Egypt
5,2,37,Egypt
8,1,24,Egypt
5,1,38,Egypt
4,1,20,Egypt
5,1,28,Egypt
5,1,47,Egypt
7,1,38,Egypt
5,1,20,Egypt
7,1,46,Egypt
5,1,41,Egypt
5,1,27,Egypt
5,1,32,Egypt
7,1,45,Egypt
5,1,23,Egypt
5,1,27,Egypt
3,2,49,Egypt
5,1,20,Egypt
6,1,36,Egypt
4,2,20,Egypt
6,1,37,Egypt
6,2,20,Egypt
9,1,54,Egypt
5,1,31,Egypt
4,1,22,Egypt
5,1,26,Egypt
5,2,59,Egypt
10,2,35,Egypt
5,2,31,Egypt
7,2,19,Egypt
3,2,44,Egypt
9,2,26,Egypt
5,2,53,Egypt
4,2,33,Egypt
6,1,29,Egypt
8,1,35,Egypt
5,1,22,Egypt
10,1,20,Egypt
5,1,58,Egypt
9,1,25,Egypt
3,1,19,Egypt
6,1,48,Egypt
5,2,53,Egypt
8,2,27,Egypt
5,1,23,Egypt
8,2,24,Egypt
7,2,19,Egypt
8,2,27,Egypt
9,1,21,Egypt
8,2,30,Egypt
5,2,20,Egypt
7,2,19,Egypt
5,2,20,Egypt
6,1,43,Egypt
5,1,33,Egypt
5,1,42,Egypt
4,1,43,Egypt
7,1,25,Egypt
4,1,20,Egypt
3,1,22,Egypt
6,1,46,Egypt
5,1,43,Egypt
6,1,30,Egypt
8,1,25,Egypt
7,1,39,Egypt
7,1,43,Egypt
8,2,19,Egypt
9,1,52,Egypt
8,1,31,Egypt
5,1,31,Egypt
8,1,23,Egypt
8,1,21,Egypt
8,1,25,Egypt
8,1,29,Egypt
5,1,48,Egypt
5,1,20,Egypt
5,1,26,Egypt
6,1,36,Egypt
9,1,33,Egypt
7,1,53,Egypt
5,1,32,Egypt
7,1,48,Egypt
4,1,58,Egypt
8,1,22,Egypt
8,1,21,Egypt
8,1,22,Egypt
8,1,34,Egypt
5,1,52,Egypt
5,1,23,Egypt
7,1,32,Egypt
7,1,31,Egypt
8,1,23,Egypt
5,1,22,Egypt
5,1,20,Egypt
6,1,20,Egypt
7,1,39,Egypt
7,1,20,Egypt
8,1,23,Egypt
7,1,22,Egypt
7,1,29,Egypt
4,1,30,Egypt
6,1,26,Egypt
5,2,19,Egypt
6,2,20,Egypt
7,2,19,Egypt
7,2,25,Egypt
5,2,22,Egypt
5,1,22,Egypt
10,1,20,Egypt
4,1,21,Egypt
5,1,19,Egypt
6,1,22,Egypt
5,1,19,Egypt
5,1,59,Egypt
6,1,55,Egypt
5,1,59,Egypt
3,1,43,Egypt
3,1,38,Egypt
4,1,20,Egypt
4,1,27,Egypt
8,1,43,Egypt
9,1,45,Egypt
9,1,39,Egypt
5,1,42,Egypt
9,1,35,Egypt
5,1,30,Egypt
4,1,28,Egypt
5,1,29,Egypt
4,1,34,Egypt
2,1,25,Egypt
8,1,34,Egypt
6,1,28,Egypt
9,1,28,Egypt
5,1,24,Egypt
4,1,19,Egypt
8,1,21,Egypt
7,1,22,Egypt
5,1,24,Egypt
7,1,24,Egypt
8,1,20,Egypt
6,1,40,Egypt
7,1,24,Egypt
7,1,21,Egypt
8,1,59,Egypt
9,2,38,Egypt
10,1,19,Egypt
5,1,19,Egypt
9,1,19,Egypt
10,2,22,Egypt
6,2,34,Egypt
10,2,37,Egypt
10,2,34,Egypt
8,2,31,Egypt
10,2,40,Egypt
7,2,27,Egypt
8,2,36,Egypt
7,2,26,Egypt
7,1,27,Egypt
9,1,20,Egypt
8,1,27,Egypt
7,2,29,Egypt
8,2,37,Egypt
6,2,40,Egypt
7,2,21,Egypt
2,2,19,Egypt
8,2,20,Egypt
7,2,23,Egypt
8,2,24,Egypt
6,2,23,Egypt
7,1,23,Egypt
3,2,22,Egypt
7,2,20,Egypt
8,2,19,Egypt
8,2,21,Egypt
10,2,34,Egypt
6,2,44,Egypt
6,2,19,Egypt
9,2,38,Egypt
5,2,19,Egypt
6,2,42,Egypt
6,2,35,Egypt
8,2,20,Egypt
5,2,35,Egypt
7,2,20,Egypt
6,2,20,Egypt
6,2,50,Egypt
6,2,47,Egypt
7,2,51,Egypt
7,2,26,Egypt
6,2,48,Egypt
6,2,24,Egypt
7,2,21,Egypt
6,1,35,Egypt
6,2,25,Egypt
6,2,25,Egypt
2,2,45,Egypt
6,2,43,Egypt
6,2,30,Egypt
6,1,40,Egypt
6,1,33,Egypt
10,1,34,Egypt
8,1,30,Egypt
6,1,19,Egypt
7,1,35,Egypt
6,1,24,Egypt
10,1,18,Egypt
0,1,18,Egypt
5,1,44,Egypt
5,1,44,Egypt
5,1,41,Egypt
5,1,35,Egypt
6,1,31,Egypt
6,1,20,Egypt
7,1,19,Egypt
8,1,23,Egypt
6,1,20,Egypt
7,1,19,Egypt
7,1,26,Egypt
6,1,30,Egypt
6,1,18,Egypt
8,1,21,Egypt
5,1,21,Egypt
5,1,20,Egypt
6,1,40,Egypt
7,1,28,Egypt
6,1,53,Egypt
9,1,25,Egypt
7,1,38,Egypt
2,1,19,Egypt
5,1,22,Egypt
4,1,19,Egypt
3,1,23,Egypt
5,2,58,Egypt
7,2,48,Egypt
6,2,43,Egypt
5,2,36,Egypt
6,2,58,Egypt
3,2,32,Egypt
6,2,33,Egypt
5,2,24,Egypt
6,2,19,Egypt
6,2,23,Egypt
5,2,20,Egypt
3,2,21,Egypt
5,2,20,Egypt
6,2,19,Egypt
7,2,20,Egypt
7,2,19,Egypt
6,2,48,Egypt
7,2,30,Egypt
6,2,28,Egypt
9,2,36,Egypt
8,2,40,Egypt
8,2,50,Egypt
7,1,46,Egypt
8,2,20,Egypt
8,2,24,Egypt
5,2,46,Egypt
6,1,47,Egypt
6,1,32,Egypt
8,1,24,Egypt
8,1,20,Egypt
8,1,24,Egypt
8,1,50,Egypt
7,1,50,Egypt
7,1,56,Egypt
7,1,38,Egypt
10,1,30,Egypt
10,1,32,Egypt
7,1,30,Egypt
7,1,32,Egypt
6,1,24,Egypt
8,1,24,Egypt
9,1,20,Egypt
6,1,24,Egypt
8,1,36,Egypt
7,1,40,Egypt
7,1,49,Egypt
9,1,30,Egypt
8,1,30,Egypt
7,1,30,Egypt
4,1,39,Egypt
4,1,19,Egypt
5,1,24,Egypt
6,1,21,Egypt
6,1,23,Egypt
5,1,19,Egypt
8,2,29,Egypt
5,2,27,Egypt
5,1,24,Egypt
8,2,40,Egypt
6,1,22,Egypt
7,2,21,Egypt
6,1,19,Egypt
7,2,37,Egypt
8,2,20,Egypt
8,2,32,Egypt
5,2,34,Egypt
7,2,45,Egypt
6,1,36,Egypt
9,2,48,Egypt
7,1,28,Egypt
9,1,41,Egypt
9,2,41,Egypt
9,2,38,Egypt
9,1,42,Egypt
4,2,34,Egypt
7,2,29,Egypt
5,2,55,Egypt
9,1,47,Egypt
8,1,20,Egypt
4,2,32,Egypt
8,2,55,Egypt
10,2,56,Egypt
6,2,24,Egypt
9,1,36,Egypt
6,1,19,Egypt
3,2,35,Egypt
6,2,45,Egypt
7,2,24,Egypt
3,1,40,Egypt
5,1,25,Egypt
6,2,38,Egypt
8,2,25,Egypt
6,1,18,Egypt
10,1,56,Egypt
9,1,20,Egypt
8,2,37,Egypt
8,2,20,Egypt
9,2,48,Egypt
9,2,42,Egypt
8,2,25,Egypt
10,2,20,Egypt
7,2,22,Egypt
8,2,28,Egypt
8,2,32,Egypt
10,2,33,Egypt
9,2,18,Egypt
9,1,21,Egypt
9,2,20,Egypt
8,1,20,Egypt
7,2,20,Egypt
6,2,50,Egypt
6,1,50,Egypt
6,2,52,Egypt
7,1,23,Egypt
8,2,36,Egypt
8,2,35,Egypt
10,2,50,Egypt
7,1,19,Egypt
9,1,39,Egypt
10,2,37,Egypt
6,2,30,Egypt
6,1,47,Egypt
7,2,38,Egypt
6,2,41,Egypt
6,1,27,Egypt
6,1,43,Egypt
6,1,37,Egypt
6,1,21,Egypt
5,2,30,Egypt
2,2,18,Egypt
9,2,28,Egypt
7,2,33,Egypt
8,2,41,Egypt
8,1,28,Egypt
3,1,19,Egypt
7,2,39,Egypt
7,2,24,Egypt
6,2,19,Egypt
6,2,19,Egypt
6,2,27,Egypt
10,1,49,Egypt
8,1,38,Egypt
7,1,37,Egypt
6,2,30,Egypt
6,2,18,Egypt
7,2,20,Egypt
7,2,23,Egypt
5,2,19,Egypt
6,2,33,Egypt
5,2,38,Egypt
4,1,58,Egypt
6,1,55,Egypt
4,1,55,Egypt
7,1,41,Egypt
4,1,19,Egypt
4,1,21,Egypt
4,1,23,Egypt
4,1,24,Egypt
4,1,22,Egypt
2,2,18,Egypt
5,2,18,Egypt
6,2,18,Egypt
7,2,18,Egypt
5,2,35,Egypt
5,2,26,Egypt
6,2,26,Egypt
5,2,23,Egypt
6,2,20,Egypt
6,2,53,Egypt
5,2,41,Egypt
5,2,44,Egypt
6,2,30,Egypt
5,2,43,Egypt
6,2,19,Egypt
5,2,50,Egypt
6,2,22,Egypt
7,2,34,Egypt
6,2,34,Egypt
4,1,56,Egypt
4,2,23,Egypt
5,2,22,Egypt
1,2,21,Egypt
3,2,32,Egypt
3,1,40,Egypt
4,1,52,Egypt
5,1,47,Egypt
6,1,20,Egypt
5,1,30,Egypt
6,1,28,Egypt
5,1,33,Egypt
7,1,33,Egypt
7,1,52,Egypt
7,1,21,Egypt
7,1,33,Egypt
8,1,19,Egypt
9,1,28,Egypt
10,1,20,Egypt
9,1,47,Egypt
9,1,42,Egypt
4,2,21,Egypt
6,1,35,Egypt
6,1,32,Egypt
5,1,44,Egypt
5,2,21,Egypt
8,2,19,Egypt
4,2,21,Egypt
4,2,20,Egypt
8,1,49,Egypt
8,1,51,Egypt
8,1,55,Egypt
7,1,26,Egypt
7,1,29,Egypt
7,1,54,Egypt
2,1,39,Egypt
3,2,19,Egypt
5,2,23,Egypt
6,2,39,Egypt
7,2,40,Egypt
7,1,29,Egypt
6,1,28,Egypt
8,1,36,Egypt
6,1,20,Egypt
6,1,19,Egypt
6,1,21,Egypt
8,1,45,Egypt
8,1,27,Egypt
6,2,54,Egypt
7,2,44,Egypt
6,1,45,Egypt
7,1,48,Egypt
8,1,35,Egypt
7,1,53,Egypt
6,1,33,Egypt
7,1,42,Egypt
5,2,23,Egypt
9,1,29,Egypt
9,1,24,Egypt
6,1,56,Egypt
6,1,24,Egypt
5,1,47,Egypt
5,1,49,Egypt
3,1,27,Egypt
6,2,36,Egypt
7,2,49,Egypt
7,2,52,Egypt
5,2,45,Egypt
5,1,33,Egypt
8,1,37,Egypt
4,1,48,Egypt
6,1,43,Egypt
6,2,20,Egypt
6,2,22,Egypt
8,2,37,Egypt
6,2,27,Egypt
6,2,22,Egypt
3,2,49,Egypt
3,2,47,Egypt
6,2,43,Egypt
8,2,59,Egypt
9,2,34,Egypt
8,2,52,Egypt
9,2,46,Egypt
6,1,45,Egypt
7,1,20,Egypt
6,1,39,Egypt
6,1,37,Egypt
6,2,23,Egypt
7,2,20,Egypt
7,2,30,Egypt
5,2,47,Egypt
7,1,41,Egypt
8,1,49,Egypt
7,1,21,Egypt
6,1,32,Egypt
8,1,42,Egypt
8,1,32,Egypt
4,1,23,Egypt
7,1,21,Egypt
6,1,22,Egypt
4,1,33,Egypt
3,1,50,Egypt
4,1,53,Egypt
2,1,40,Egypt
9,1,33,Egypt
3,1,44,Egypt
2,1,30,Egypt
3,1,30,Egypt
8,1,41,Egypt
8,1,40,Egypt
8,1,24,Egypt
8,1,34,Egypt
7,2,40,Egypt
6,2,38,Egypt
6,2,23,Egypt
3,2,32,Egypt
6,2,33,Egypt
5,2,48,Egypt
2,1,40,Egypt
6,2,23,Egypt
5,2,31,Egypt
8,1,23,Egypt
8,1,30,Egypt
9,1,35,Egypt
8,1,46,Egypt
8,1,42,Egypt
9,1,50,Egypt
8,1,24,Egypt
5,1,30,Egypt
4,1,40,Egypt
4,1,50,Egypt
6,1,50,Egypt
8,1,30,Egypt
7,1,19,Egypt
5,2,35,Egypt
3,2,32,Egypt
7,2,40,Egypt
7,2,20,Egypt
6,2,47,Egypt
5,2,48,Egypt
5,2,19,Egypt
6,2,45,Egypt
5,2,56,Egypt
6,2,38,Egypt
6,2,43,Egypt
8,2,48,Egypt
8,2,49,Egypt
7,2,40,Egypt
9,2,50,Egypt
5,2,58,Egypt
6,2,50,Egypt
9,1,19,Egypt
6,1,37,Egypt
5,1,23,Egypt
6,2,21,Egypt
6,2,29,Egypt
6,2,23,Egypt
6,2,21,Egypt
9,2,35,Egypt
8,2,40,Egypt
9,2,20,Egypt
8,2,30,Egypt
7,2,23,Egypt
5,2,42,Egypt
9,2,42,Egypt
6,2,44,Egypt
5,2,52,Egypt
4,2,39,Egypt
4,2,40,Egypt
5,2,40,Egypt
8,2,37,Egypt
8,2,56,Egypt
7,2,46,Egypt
7,2,25,Egypt
6,2,45,Egypt
7,2,56,Egypt
7,2,50,Egypt
7,1,30,Egypt
9,1,40,Egypt
8,2,19,Egypt
7,1,45,Egypt
3,2,45,Egypt
3,2,34,Egypt
8,1,19,Egypt
3,2,37,Egypt
7,1,52,Egypt
9,1,45,Egypt
8,1,48,Egypt
8,1,21,Egypt
8,1,28,Egypt
7,1,50,Egypt
7,1,48,Egypt
6,1,50,Egypt
8,1,40,Egypt
7,1,26,Egypt
8,1,45,Egypt
6,1,20,Egypt
8,1,32,Egypt
9,1,23,Egypt
9,1,52,Egypt
8,1,26,Egypt
7,1,49,Egypt
7,1,38,Egypt
7,1,44,Egypt
9,1,56,Egypt
8,1,50,Egypt
9,1,45,Egypt
5,1,40,Egypt
5,1,19,Egypt
8,1,57,Egypt
6,1,23,Egypt
7,1,33,Egypt
9,1,19,Egypt
9,1,25,Egypt
8,1,55,Egypt
6,1,54,Egypt
6,1,25,Egypt
7,2,30,Egypt
7,1,20,Egypt
5,2,45,Egypt
8,2,45,Egypt
6,2,45,Egypt
4,2,22,Egypt
6,2,46,Egypt
7,2,31,Egypt
5,2,34,Egypt
7,2,34,Egypt
8,2,40,Egypt
4,2,39,Egypt
6,2,37,Egypt
4,2,49,Egypt
7,2,36,Egypt
6,2,50,Egypt
6,2,27,Egypt
5,2,33,Egypt
3,2,29,Egypt
5,2,24,Egypt
5,2,23,Egypt
4,2,23,Egypt
7,2,24,Egypt
5,2,24,Egypt
8,2,48,Egypt
9,2,24,Egypt
8,2,23,Egypt
7,2,36,Egypt
6,2,35,Egypt
8,2,27,Egypt
8,2,28,Egypt
8,2,27,Egypt
8,2,39,Egypt
3,2,23,Egypt
8,2,22,Egypt
7,2,49,Egypt
6,2,47,Egypt
5,2,49,Egypt
4,2,53,Egypt
3,2,25,Egypt
6,2,36,Egypt
9,2,20,Egypt
5,2,60,Ghana
6,2,22,Ghana
4,2,27,Ghana
6,2,28,Ghana
6,2,21,Ghana
4,1,27,Ghana
4,1,31,Ghana
5,1,55,Ghana
4,1,29,Ghana
6,2,19,Ghana
2,2,59,Ghana
2,2,24,Ghana
3,2,32,Ghana
3,1,23,Ghana
2,1,40,Ghana
2,2,44,Ghana
3,2,79,Ghana
2,2,31,Ghana
3,2,45,Ghana
2,1,30,Ghana
2,1,18,Ghana
2,1,19,Ghana
2,2,70,Ghana
3,1,69,Ghana
3,1,89,Ghana
3,2,80,Ghana
3,1,27,Ghana
4,1,19,Ghana
5,1,24,Ghana
4,2,20,Ghana
5,2,29,Ghana
2,2,46,Ghana
4,1,64,Ghana
4,2,18,Ghana
4,2,28,Ghana
3,2,22,Ghana
4,1,20,Ghana
4,1,31,Ghana
4,2,39,Ghana
4,2,47,Ghana
3,2,46,Ghana
4,1,35,Ghana
5,1,44,Ghana
4,1,65,Ghana
4,2,36,Ghana
4,2,48,Ghana
4,2,38,Ghana
3,2,20,Ghana
3,2,28,Ghana
4,1,34,Ghana
3,1,27,Ghana
4,2,23,Ghana
5,1,18,Ghana
6,2,19,Ghana
4,2,28,Ghana
4,1,28,Ghana
4,1,18,Ghana
6,2,36,Ghana
6,2,38,Ghana
7,2,65,Ghana
6,2,24,Ghana
6,1,40,Ghana
6,2,20,Ghana
6,2,35,Ghana
5,1,21,Ghana
7,1,30,Ghana
5,1,23,Ghana
6,1,42,Ghana
5,2,38,Ghana
7,2,50,Ghana
6,2,45,Ghana
5,1,80,Ghana
4,1,39,Ghana
7,1,78,Ghana
7,2,25,Ghana
7,1,48,Ghana
5,1,41,Ghana
7,2,23,Ghana
7,1,20,Ghana
6,1,76,Ghana
7,1,21,Ghana
7,2,53,Ghana
7,2,29,Ghana
6,2,34,Ghana
6,2,32,Ghana
6,1,29,Ghana
4,2,27,Ghana
6,1,18,Ghana
5,1,42,Ghana
6,2,20,Ghana
6,1,75,Ghana
6,2,27,Ghana
7,1,23,Ghana
5,2,55,Ghana
4,1,18,Ghana
5,1,36,Ghana
6,2,34,Ghana
9,1,53,Ghana
3,2,21,Ghana
2,2,24,Ghana
3,2,30,Ghana
2,1,31,Ghana
4,1,27,Ghana
2,2,28,Ghana
5,2,45,Ghana
3,2,44,Ghana
2,1,24,Ghana
3,2,19,Ghana
3,2,67,Ghana
2,1,32,Ghana
3,1,39,Ghana
6,1,33,Ghana
5,1,55,Ghana
6,2,19,Ghana
6,2,49,Ghana
5,1,32,Ghana
5,2,40,Ghana
6,1,20,Ghana
6,1,19,Ghana
5,1,25,Ghana
5,2,58,Ghana
4,2,32,Ghana
3,1,28,Ghana
5,2,22,Ghana
5,1,69,Ghana
4,1,29,Ghana
5,1,44,Ghana
5,2,55,Ghana
4,2,26,Ghana
5,2,30,Ghana
5,1,39,Ghana
4,1,21,Ghana
4,1,18,Ghana
3,2,18,Ghana
5,1,24,Ghana
5,2,35,Ghana
4,1,52,Ghana
4,1,24,Ghana
4,1,28,Ghana
4,1,18,Ghana
3,1,30,Ghana
3,2,21,Ghana
5,2,26,Ghana
3,2,34,Ghana
3,2,22,Ghana
2,1,66,Ghana
4,1,32,Ghana
5,1,64,Ghana
3,2,40,Ghana
2,2,19,Ghana
3,1,22,Ghana
2,2,37,Ghana
4,2,37,Ghana
5,2,18,Ghana
4,2,21,Ghana
2,1,23,Ghana
3,2,40,Ghana
3,1,20,Ghana
3,2,50,Ghana
3,1,18,Ghana
3,2,19,Ghana
3,2,22,Ghana
3,2,20,Ghana
2,2,54,Ghana
3,2,23,Ghana
3,1,41,Ghana
3,1,18,Ghana
3,1,50,Ghana
5,1,39,Ghana
4,2,60,Ghana
3,2,55,Ghana
3,1,27,Ghana
3,2,34,Ghana
2,2,18,Ghana
6,1,25,Ghana
5,2,24,Ghana
5,1,37,Ghana
0,2,18,Ghana
4,1,20,Ghana
5,1,18,Ghana
5,1,24,Ghana
4,2,98,Ghana
4,2,98,Ghana
5,1,98,Ghana
8,1,98,Ghana
4,1,98,Ghana
6,1,98,Ghana
6,1,98,Ghana
5,2,98,Ghana
5,1,98,Ghana
6,2,30,Ghana
5,2,26,Ghana
5,1,47,Ghana
5,1,25,Ghana
5,2,29,Ghana
5,2,33,Ghana
5,2,25,Ghana
5,1,37,Ghana
5,1,42,Ghana
4,2,41,Ghana
6,2,48,Ghana
6,2,37,Ghana
4,2,54,Ghana
5,2,55,Ghana
1,1,18,Ghana
5,1,18,Ghana
5,1,59,Ghana
4,2,26,Ghana
5,1,35,Ghana
5,2,22,Ghana
4,1,27,Ghana
2,2,40,Ghana
4,2,59,Ghana
5,1,25,Ghana
4,1,24,Ghana
5,1,19,Ghana
4,2,22,Ghana
3,2,72,Ghana
3,1,70,Ghana
4,1,53,Ghana
4,1,71,Ghana
5,2,30,Ghana
5,2,26,Ghana
3,1,20,Ghana
5,1,53,Ghana
4,2,25,Ghana
4,2,21,Ghana
5,2,26,Ghana
4,2,32,Ghana
2,2,52,Ghana
4,2,99,Ghana
5,2,46,Ghana
5,1,31,Ghana
2,1,31,Ghana
6,2,22,Ghana
6,1,42,Ghana
6,2,99,Ghana
4,1,62,Ghana
4,2,28,Ghana
4,1,43,Ghana
3,1,72,Ghana
4,2,72,Ghana
2,1,37,Ghana
3,2,24,Ghana
3,1,52,Ghana
4,1,57,Ghana
4,2,98,Ghana
4,2,51,Ghana
4,2,28,Ghana
4,2,18,Ghana
5,1,20,Ghana
3,2,41,Ghana
3,2,40,Ghana
5,1,30,Ghana
5,1,35,Ghana
3,2,36,Ghana
3,2,30,Ghana
3,1,22,Ghana
3,1,35,Ghana
2,1,22,Ghana
6,2,41,Ghana
5,1,42,Ghana
6,1,70,Ghana
5,2,46,Ghana
4,2,59,Ghana
8,2,52,Ghana
6,2,36,Ghana
7,2,38,Ghana
6,2,50,Ghana
7,1,43,Ghana
2,1,34,Ghana
8,1,45,Ghana
6,1,18,Ghana
3,2,18,Ghana
5,2,26,Ghana
5,2,98,Ghana
3,1,25,Ghana
4,1,30,Ghana
10,2,21,Ghana
8,1,23,Ghana
3,2,29,Ghana
4,1,35,Ghana
5,1,41,Ghana
5,2,20,Ghana
5,1,62,Ghana
7,2,19,Ghana
4,2,22,Ghana
4,1,51,Ghana
6,1,72,Ghana
3,1,22,Ghana
7,2,21,Ghana
5,1,33,Ghana
3,1,60,Ghana
4,1,18,Ghana
0,2,27,Ghana
2,2,34,Ghana
6,2,25,Ghana
5,2,32,Ghana
5,1,23,Ghana
5,2,35,Ghana
5,2,48,Ghana
4,2,30,Ghana
5,1,22,Ghana
5,2,26,Ghana
4,1,55,Ghana
2,1,50,Ghana
0,2,25,Ghana
5,1,35,Ghana
6,1,62,Ghana
4,2,48,Ghana
1,2,55,Ghana
1,2,45,Ghana
1,1,19,Ghana
2,1,42,Ghana
3,1,57,Ghana
3,2,46,Ghana
2,1,46,Ghana
1,1,35,Ghana
1,2,40,Ghana
1,1,18,Ghana
0,1,20,Ghana
1,1,21,Ghana
0,1,23,Ghana
1,2,42,Ghana
0,2,21,Ghana
2,2,35,Ghana
3,2,19,Ghana
3,1,32,Ghana
5,2,72,Ghana
3,1,60,Ghana
9,2,59,Ghana
8,1,72,Ghana
4,1,40,Ghana
6,2,19,Ghana
6,2,20,Ghana
5,1,80,Ghana
7,1,54,Ghana
4,1,19,Ghana
4,2,64,Ghana
6,1,46,Ghana
6,1,35,Ghana
6,1,60,Ghana
5,1,43,Ghana
3,2,40,Ghana
5,1,26,Ghana
4,1,33,Ghana
7,1,99,Ghana
7,2,25,Ghana
4,1,52,Ghana
6,1,55,Ghana
5,2,18,Ghana
3,2,26,Ghana
4,1,46,Ghana
5,2,20,Ghana
3,2,39,Ghana
6,1,18,Ghana
3,1,23,Ghana
5,2,39,Ghana
4,1,38,Ghana
7,2,20,Ghana
7,2,20,Ghana
4,2,37,Ghana
3,1,50,Ghana
4,1,30,Ghana
5,1,43,Ghana
8,2,59,Ghana
5,1,27,Ghana
7,1,23,Ghana
4,2,25,Ghana
7,2,29,Ghana
5,1,35,Ghana
4,2,39,Ghana
5,1,27,Ghana
4,1,39,Ghana
6,2,45,Ghana
3,1,27,Ghana
5,2,41,Ghana
3,1,24,Ghana
5,2,41,Ghana
5,2,79,Ghana
5,1,28,Ghana
1,2,27,Ghana
7,1,61,Ghana
6,1,33,Ghana
6,1,26,Ghana
5,2,30,Ghana
2,2,33,Ghana
7,2,25,Ghana
6,2,34,Ghana
7,1,45,Ghana
7,1,55,Ghana
7,2,29,Ghana
7,2,24,Ghana
5,2,28,Ghana
7,1,28,Ghana
6,1,60,Ghana
7,2,28,Ghana
7,1,20,Ghana
8,2,28,Ghana
6,2,26,Ghana
4,1,49,Ghana
7,1,22,Ghana
7,1,38,Ghana
6,2,42,Ghana
6,1,45,Ghana
7,1,44,Ghana
7,1,28,Ghana
6,2,71,Ghana
6,2,19,Ghana
6,2,39,Ghana
7,2,48,Ghana
7,2,41,Ghana
5,2,49,Ghana
6,1,25,Ghana
4,1,30,Ghana
5,1,18,Ghana
4,1,58,Ghana
5,2,18,Ghana
5,1,20,Ghana
5,1,20,Ghana
5,1,20,Ghana
6,2,43,Ghana
5,1,54,Ghana
5,2,22,Ghana
6,2,33,Ghana
5,2,20,Ghana
5,1,34,Ghana
5,1,38,Ghana
5,1,56,Ghana
6,2,52,Ghana
5,2,25,Ghana
5,1,30,Ghana
6,1,34,Ghana
5,2,27,Ghana
6,2,65,Ghana
6,2,63,Ghana
5,1,29,Ghana
5,2,50,Ghana
5,1,72,Ghana
5,2,38,Ghana
5,1,39,Ghana
6,1,40,Ghana
4,1,49,Ghana
7,2,29,Ghana
6,2,99,Ghana
5,2,31,Ghana
7,1,42,Ghana
6,1,48,Ghana
6,1,42,Ghana
6,2,36,Ghana
4,1,68,Ghana
4,2,35,Ghana
4,2,30,Ghana
3,2,54,Ghana
5,1,66,Ghana
3,2,22,Ghana
4,2,26,Ghana
5,1,49,Ghana
3,2,40,Ghana
5,2,40,Ghana
5,1,67,Ghana
5,1,26,Ghana
5,1,35,Ghana
4,2,40,Ghana
4,2,44,Ghana
4,2,37,Ghana
4,1,34,Ghana
4,2,25,Ghana
5,2,30,Ghana
5,2,42,Ghana
5,1,39,Ghana
5,1,33,Ghana
5,2,27,Ghana
5,2,73,Ghana
4,2,26,Ghana
5,1,35,Ghana
5,1,27,Ghana
4,1,44,Ghana
3,2,31,Ghana
3,2,36,Ghana
4,1,25,Ghana
4,2,28,Ghana
4,1,18,Ghana
4,2,29,Ghana
5,1,83,Ghana
4,2,27,Ghana
4,2,43,Ghana
5,1,34,Ghana
5,1,69,Ghana
5,2,31,Ghana
4,1,19,Ghana
4,1,21,Ghana
3,2,19,Ghana
4,2,30,Ghana
3,2,28,Ghana
4,1,22,Ghana
3,2,23,Ghana
2,1,25,Ghana
2,1,29,Ghana
2,1,21,Ghana
1,1,71,Ghana
3,2,19,Ghana
2,2,19,Ghana
3,1,28,Ghana
3,2,19,Ghana
3,1,27,Ghana
4,1,19,Ghana
3,2,20,Ghana
10,2,20,Ghana
5,1,24,Ghana
2,2,25,Ghana
1,2,20,Ghana
2,1,45,Ghana
2,1,25,Ghana
2,1,30,Ghana
1,2,42,Ghana
1,1,19,Ghana
1,2,41,Ghana
2,2,26,Ghana
4,1,22,Ghana
6,1,32,Ghana
1,2,47,Ghana
2,1,45,Ghana
0,1,61,Ghana
3,1,31,Ghana
1,2,40,Ghana
3,1,45,Ghana
6,1,29,Ghana
3,2,27,Ghana
3,2,45,Ghana
5,2,28,Ghana
4,1,29,Ghana
3,1,35,Ghana
2,2,45,Ghana
4,1,63,Ghana
2,1,39,Ghana
3,1,27,Ghana
2,2,28,Ghana
4,2,30,Ghana
4,1,45,Ghana
3,1,38,Ghana
5,1,30,Ghana
2,1,23,Ghana
6,1,42,Ghana
5,2,35,Ghana
3,1,37,Ghana
5,2,34,Ghana
4,2,30,Ghana
3,1,28,Ghana
5,2,28,Ghana
6,2,29,Ghana
3,2,25,Ghana
6,1,28,Ghana
4,1,32,Ghana
4,2,26,Ghana
3,2,24,Ghana
6,1,24,Ghana
3,1,29,Ghana
3,2,28,Ghana
6,1,38,Ghana
3,1,30,Ghana
4,1,40,Ghana
5,1,47,Ghana
4,2,34,Ghana
3,2,29,Ghana
5,2,30,Ghana
7,2,18,Ghana
3,1,32,Ghana
7,1,35,Ghana
4,1,31,Ghana
3,1,18,Ghana
3,2,27,Ghana
5,2,24,Ghana
5,2,19,Ghana
7,1,19,Ghana
6,1,22,Ghana
6,1,40,Ghana
5,2,20,Ghana
6,1,98,Ghana
4,1,36,Ghana
6,2,34,Ghana
6,2,23,Ghana
3,1,68,Ghana
7,2,27,Ghana
4,2,34,Ghana
5,1,37,Ghana
5,1,46,Ghana
5,1,51,Ghana
2,1,19,Ghana
6,2,19,Ghana
3,2,18,Ghana
3,1,22,Ghana
5,2,30,Ghana
5,1,76,Ghana
3,1,60,Ghana
3,1,39,Ghana
2,1,52,Ghana
3,1,80,Ghana
4,2,50,Ghana
5,2,30,Ghana
6,1,78,Ghana
7,1,61,Ghana
7,1,67,Ghana
5,2,46,Ghana
8,2,50,Ghana
8,2,52,Ghana
9,2,41,Ghana
8,2,30,Ghana
8,2,40,Ghana
6,2,18,Ghana
7,2,36,Ghana
7,2,43,Ghana
9,1,58,Ghana
8,1,18,Ghana
8,2,40,Ghana
7,1,20,Ghana
8,1,50,Ghana
8,1,99,Ghana
6,2,99,Ghana
7,1,63,Ghana
6,1,41,Ghana
6,1,40,Ghana
5,2,34,Ghana
4,2,22,Ghana
4,2,18,Ghana
4,1,28,Ghana
5,1,99,Ghana
5,2,60,Ghana
4,2,37,Ghana
5,2,60,Ghana
6,1,36,Ghana
5,1,19,Ghana
4,2,80,Ghana
5,2,29,Ghana
5,1,70,Ghana
6,1,40,Ghana
5,2,20,Ghana
5,1,32,Ghana
3,1,26,Ghana
3,2,43,Ghana
5,1,40,Ghana
2,2,19,Ghana
5,1,28,Ghana
1,1,22,Ghana
3,1,21,Ghana
5,1,20,Ghana
5,2,35,Ghana
4,2,29,Ghana
7,1,25,Ghana
5,2,39,Ghana
5,2,54,Ghana
6,2,23,Ghana
5,1,23,Ghana
5,1,23,Ghana
2,1,30,Ghana
5,1,27,Ghana
5,1,27,Ghana
7,2,34,Ghana
5,1,41,Ghana
5,1,26,Ghana
5,2,34,Ghana
5,2,31,Ghana
5,2,27,Ghana
5,2,60,Ghana
5,1,26,Ghana
6,2,32,Ghana
6,1,51,Ghana
4,2,22,Ghana
4,2,40,Ghana
6,1,26,Ghana
5,1,18,Ghana
5,1,20,Ghana
3,2,23,Ghana
3,2,30,Ghana
3,2,30,Ghana
3,2,20,Ghana
5,2,19,Ghana
5,1,48,Ghana
2,2,65,Ghana
3,1,26,Ghana
5,2,38,Ghana
4,2,38,Ghana
7,1,28,Ghana
4,1,23,Ghana
5,1,18,Ghana
6,2,26,Ghana
